Universitas,Program,Tahun,Penerimaan,Program_Studi,UKT-1,UKT-2,UKT-3,UKT-4,UKT-5,UKT-6,UKT-7,UKT-8,UKT-9,UKT-10,UKT-11
UGM,D4,2025/2026,SNBP/SNBT,Teknologi Rekayasa Perangkat Lunak,0,0,3325000,6650000,9975000,13300000,,,,,
UGM,D4,2025/2026,SNBP/SNBT,Teknologi Rekayasa Mesin,0,0,3325000,6650000,9975000,13300000,,,,,
UGM,D4,2025/2026,SNBP/SNBT,Teknologi Rekayasa Elektro,0,0,3325000,6650000,9975000,13300000,,,,,
UGM,D4,2025/2026,SNBP/SNBT,Teknologi Rekayasa Instrumentasi dan Kontrol,0,0,3325000,6650000,9975000,13300000,,,,,
UGM,D4,2025/2026,SNBP/SNBT,Teknologi Survei dan Pemetaan Dasar,0,0,3325000,6650000,9975000,13300000,,,,,
UGM,D4,2025/2026,SNBP/SNBT,Sistem Informasi Geografis,0,0,3325000,6650000,9975000,13300000,,,,,
UGM,D4,2025/2026,SNBP/SNBT,Pengembangan Produk Agroindustri,0,0,3325000,6650000,9975000,13300000,,,,,
UGM,D4,2025/2026,SNBP/SNBT,Teknik Pengelolaan dan Perawatan Alat Berat,0,0,3325000,6650000,9975000,13300000,,,,,
UGM,D4,2025/2026,SNBP/SNBT,Teknologi Rekayasa Internet,0,0,3325000,6650000,9975000,13300000,,,,,
UGM,D4,2025/2026,SNBP/SNBT,Teknik Pengelolaan dan Pemeliharaan Infrastruktur Sipil,0,0,3325000,6650000,9975000,13300000,,,,,
UGM,D4,2025/2026,SNBP/SNBT,Teknologi Rekayasa Pelaksanaan Bangunan Sipil,0,0,3325000,6650000,9975000,13300000,,,,,
UGM,D4,2025/2026,SNBP/SNBT,Teknologi Veteriner,0,0,3325000,6650000,9975000,13300000,,,,,
UGM,D4,2025/2026,SNBP/SNBT,Manajemen Informasi Kesehatan,0,0,3325000,6650000,9975000,13300000,,,,,
UGM,D4,2025/2026,SNBP/SNBT,Pengelolaan Hutan,0,0,3325000,6650000,9975000,13300000,,,,,
UGM,D4,2025/2026,SNBP/SNBT,Bisnis Perjalanan Wisata,0,0,2850000,5700000,8550000,11400000,,,,,
UGM,D4,2025/2026,SNBP/SNBT,Manajemen dan Penilaian Properti,0,0,2850000,5700000,8550000,11400000,,,,,
UGM,D4,2025/2026,SNBP/SNBT,Pengelolaan Arsip dan Rekaman Informasi,0,0,2850000,5700000,8550000,11400000,,,,,
UGM,D4,2025/2026,SNBP/SNBT,Bahasa Inggris,0,0,2850000,5700000,8550000,11400000,,,,,
UGM,D4,2025/2026,SNBP/SNBT,Bahasa Jepang untuk Komunikasi Bisnis dan Profesional,0,0,2850000,5700000,8550000,11400000,,,,,
UGM,D4,2025/2026,SNBP/SNBT,Akuntansi Sektor Publik,0,0,2850000,5700000,8550000,11400000,,,,,
UGM,D4,2025/2026,SNBP/SNBT,Pembangunan Ekonomi Kewilayahan,0,0,2850000,5700000,8550000,11400000,,,,,
UGM,D4,2025/2026,SNBP/SNBT,Perbankan,0,0,2850000,5700000,8550000,11400000,,,,,
UGM,S1,2025/2026,SNBP/SNBT,Kedokteran,0,0,6175000,12350000,18525000,24700000,,,,,
UGM,S1,2025/2026,SNBP/SNBT,Kedokteran Hewan,0,0,6175000,12350000,18525000,24700000,,,,,
UGM,S1,2025/2026,SNBP/SNBT,Kedokteran Gigi,0,0,6175000,12350000,18525000,24700000,,,,,
UGM,S1,2025/2026,SNBP/SNBT,Farmasi,0,0,4325000,8650000,12975000,17300000,,,,,
UGM,S1,2025/2026,SNBP/SNBT,Ilmu Keperawatan,0,0,4325000,8650000,12975000,17300000,,,,,
UGM,S1,2025/2026,SNBP/SNBT,Teknik Mesin,0,0,3375000,6750000,10125000,13500000,,,,,
UGM,S1,2025/2026,SNBP/SNBT,Teknik Nuklir,0,0,3075000,6150000,9225000,12300000,,,,,
UGM,S1,2025/2026,SNBP/SNBT,Psikologi,0,0,2750000,5500000,8250000,11000000,,,,,
UGM,S1,2025/2026,SNBP/SNBT,Teknik Geologi,0,0,3075000,6150000,9225000,12300000,,,,,
UGM,S1,2025/2026,SNBP/SNBT,Teknologi Hasil Perikanan,0,0,2500000,5000000,7500000,10000000,,,,,
UGM,S1,2025/2026,SNBP/SNBT,Perencanaan Wilayah dan Kota,0,0,3075000,6150000,9225000,12300000,,,,,
UGM,S1,2025/2026,SNBP/SNBT,Arsitektur,0,0,3075000,6150000,9225000,12300000,,,,,
UGM,S1,2025/2026,SNBP/SNBT,Teknik Geodesi,0,0,2750000,5500000,8250000,11000000,,,,,
UGM,S1,2025/2026,SNBP/SNBT,Teknik Kimia,0,0,3375000,6750000,10125000,13500000,,,,,
UGM,S1,2025/2026,SNBP/SNBT,Teknik Elektro,0,0,3075000,6150000,9225000,12300000,,,,,
UGM,S1,2025/2026,SNBP/SNBT,Teknik Industri,0,0,3075000,6150000,9225000,12300000,,,,,
UGM,S1,2025/2026,SNBP/SNBT,Teknologi Industri Pertanian,0,0,2750000,5500000,8250000,11000000,,,,,
UGM,S1,2025/2026,SNBP/SNBT,Teknik Fisika,0,0,2750000,5500000,8250000,11000000,,,,,
UGM,S1,2025/2026,SNBP/SNBT,Teknik Sipil,0,0,3075000,6150000,9225000,12300000,,,,,
UGM,S1,2025/2026,SNBP/SNBT,Elektronika dan Instrumentasi,0,0,2500000,5000000,7500000,10000000,,,,,
UGM,S1,2025/2026,SNBP/SNBT,Gizi,0,0,3075000,6150000,9225000,12300000,,,,,
UGM,S1,2025/2026,SNBP/SNBT,Teknik Biomedis,0,0,3075000,6150000,9225000,12300000,,,,,
UGM,S1,2025/2026,SNBP/SNBT,Teknik Pertanian,0,0,2750000,5500000,8250000,11000000,,,,,
UGM,S1,2025/2026,SNBP/SNBT,Teknologi Pangan dan Hasil Pertanian,0,0,2750000,5500000,8250000,11000000,,,,,
UGM,S1,2025/2026,SNBP/SNBT,Higiene Gigi,0,0,3375000,6750000,10125000,13500000,,,,,
UGM,S1,2025/2026,SNBP/SNBT,Biologi,0,0,3075000,6150000,9225000,12300000,,,,,
UGM,S1,2025/2026,SNBP/SNBT,Kimia,0,0,2500000,5000000,7500000,10000000,,,,,
UGM,S1,2025/2026,SNBP/SNBT,Teknik Infrastruktur Lingkungan,0,0,3075000,6150000,9225000,12300000,,,,,
UGM,S1,2025/2026,SNBP/SNBT,Teknik Sumber Daya Air,0,0,3075000,6150000,9225000,12300000,,,,,
UGM,S1,2025/2026,SNBP/SNBT,Geofisika,0,0,2500000,5000000,7500000,10000000,,,,,
UGM,S1,2025/2026,SNBP/SNBT,Fisika,0,0,2500000,5000000,7500000,10000000,,,,,
UGM,S1,2025/2026,SNBP/SNBT,Mikrobiologi Pertanian,0,0,2500000,5000000,7500000,10000000,,,,,
UGM,S1,2025/2026,SNBP/SNBT,Kehutanan,0,0,2750000,5500000,8250000,11000000,,,,,
UGM,S1,2025/2026,SNBP/SNBT,Ilmu dan Industri Peternakan,0,0,2750000,5500000,8250000,11000000,,,,,
UGM,S1,2025/2026,SNBP/SNBT,Agronomi,0,0,2500000,5000000,7500000,10000000,,,,,
UGM,S1,2025/2026,SNBP/SNBT,Akuakultur,0,0,2500000,5000000,7500000,10000000,,,,,
UGM,S1,2025/2026,SNBP/SNBT,Ekonomi Pertanian dan Agribisnis,0,0,2500000,5000000,7500000,10000000,,,,,
UGM,S1,2025/2026,SNBP/SNBT,Ilmu Tanah,0,0,2500000,5000000,7500000,10000000,,,,,
UGM,S1,2025/2026,SNBP/SNBT,Manajemen Sumberdaya Akuatik,0,0,2500000,5000000,7500000,10000000,,,,,
UGM,S1,2025/2026,SNBP/SNBT,Penyuluhan dan Komunikasi Pertanian,0,0,2500000,5000000,7500000,10000000,,,,,
UGM,S1,2025/2026,SNBP/SNBT,Proteksi Tanaman,0,0,2500000,5000000,7500000,10000000,,,,,
UGM,S1,2025/2026,SNBP/SNBT,Teknologi Informasi,0,0,3075000,6150000,9225000,12300000,,,,,
UGM,S1,2025/2026,SNBP/SNBT,Geografi Lingkungan,0,0,2500000,5000000,7500000,10000000,,,,,
UGM,S1,2025/2026,SNBP/SNBT,Kartografi dan Penginderaan Jauh,0,0,2500000,5000000,7500000,10000000,,,,,
UGM,S1,2025/2026,SNBP/SNBT,Akuntansi,0,0,2300000,4600000,6900000,9200000,,,,,
UGM,S1,2025/2026,SNBP/SNBT,Manajemen,0,0,2300000,4600000,6900000,9200000,,,,,
UGM,S1,2025/2026,SNBP/SNBT,Hukum,0,0,2300000,4600000,6900000,9200000,,,,,
UGM,S1,2025/2026,SNBP/SNBT,Ilmu Komputer,0,0,2500000,5000000,7500000,10000000,,,,,
UGM,S1,2025/2026,SNBP/SNBT,Ilmu Ekonomi,0,0,2300000,4600000,6900000,9200000,,,,,
UGM,S1,2025/2026,SNBP/SNBT,Manajemen dan Kebijakan Publik,0,0,2300000,4600000,6900000,9200000,,,,,
UGM,S1,2025/2026,SNBP/SNBT,Ilmu Hubungan Internasional,0,0,2200000,4400000,6600000,8800000,,,,,
UGM,S1,2025/2026,SNBP/SNBT,Ilmu Komunikasi,0,0,2300000,4600000,6900000,9200000,,,,,
UGM,S1,2025/2026,SNBP/SNBT,Pembangunan Sosial dan Kesejahteraan,0,0,2200000,4400000,6600000,8800000,,,,,
UGM,S1,2025/2026,SNBP/SNBT,Pariwisata,0,0,1900000,3800000,5700000,7600000,,,,,
UGM,S1,2025/2026,SNBP/SNBT,Statistika,0,0,2500000,5000000,7500000,10000000,,,,,
UGM,S1,2025/2026,SNBP/SNBT,Matematika,0,0,2500000,5000000,7500000,10000000,,,,,
UGM,S1,2025/2026,SNBP/SNBT,Ilmu Aktuaria,0,0,2500000,5000000,7500000,10000000,,,,,
UGM,S1,2025/2026,SNBP/SNBT,Arkeologi,0,0,2300000,4600000,6900000,9200000,,,,,
UGM,S1,2025/2026,SNBP/SNBT,Pembangunan Wilayah,0,0,2256000,4512000,6768000,9025000,,,,,
UGM,S1,2025/2026,SNBP/SNBT,Bahasa dan Sastra Prancis,0,0,1900000,3800000,5700000,7600000,,,,,
UGM,S1,2025/2026,SNBP/SNBT,Sastra Arab,0,0,1900000,3800000,5700000,7600000,,,,,
UGM,S1,2025/2026,SNBP/SNBT,Bahasa dan Sastra Indonesia,0,0,1900000,3800000,5700000,7600000,,,,,
UGM,S1,2025/2026,SNBP/SNBT,Bahasa dan Kebudayaan Korea,0,0,1900000,3800000,5700000,7600000,,,,,
UGM,S1,2025/2026,SNBP/SNBT,Bahasa dan Kebudayaan Jepang,0,0,1900000,3800000,5700000,7600000,,,,,
UGM,S1,2025/2026,SNBP/SNBT,Bahasa Sastra dan Budaya Jawa,0,0,1900000,3800000,5700000,7600000,,,,,
UGM,S1,2025/2026,SNBP/SNBT,Sastra Inggris,0,0,2200000,4400000,6600000,8664000,,,,,
UGM,S1,2025/2026,SNBP/SNBT,Politik dan Pemerintahan,0,0,2053000,4107000,6160000,8214000,,,,,
UGM,S1,2025/2026,SNBP/SNBT,Antropologi Budaya,0,0,2053000,4107000,6160000,7885000,,,,,
UGM,S1,2025/2026,SNBP/SNBT,Sejarah,0,0,2053000,4107000,6160000,7885000,,,,,
UGM,S1,2025/2026,SNBP/SNBT,Sosiologi,0,0,1889000,3778000,5667000,7557000,,,,,
UGM,S1,2025/2026,SNBP/SNBT,Filsafat,0,0,1889000,3778000,5667000,7557000,,,,,
UI,D4,2025/2026,SNBP/SNBT,Sarjana Terapan Fisioterapi,500000,1000000,2000000,4000000,6000000,7500000,10000000,12500000,10000000,15000000,
UI,D4,2025/2026,SNBP/SNBT,Sarjana Terapan Terapi Okupasi,500000,1000000,2000000,4000000,6000000,7500000,10000000,12500000,10000000,15000000,
UI,D4,2025/2026,SNBP/SNBT,Sarjana Terapan Bisnis Kreatif,500000,1000000,2000000,4000000,6000000,7500000,10000000,12500000,10000000,13000000,
UI,D4,2025/2026,SNBP/SNBT,Sarjana Terapan Manajemen Bisnis Pariwisata,500000,1000000,2000000,4000000,6000000,7500000,10000000,12500000,10000000,13000000,
UI,D4,2025/2026,SNBP/SNBT,Sarjana Terapan Manajemen Rekod dan Arsip,500000,1000000,2000000,4000000,6000000,7500000,10000000,12500000,10000000,13000000,
UI,D4,2025/2026,SNBP/SNBT,Sarjana Terapan Produksi Media,500000,1000000,2000000,4000000,6000000,7500000,10000000,12500000,10000000,15000000,
UI,D3,2025/2026,SNBP/SNBT,Administrasi Asuransi dan Aktuaria,500000,1000000,2000000,4000000,6000000,7500000,10000000,12500000,10000000,14000000,
UI,D3,2025/2026,SNBP/SNBT,Akuntansi,500000,1000000,2000000,4000000,6000000,7500000,10000000,12500000,10000000,13000000,
UI,D3,2025/2026,SNBP/SNBT,Administrasi Keuangan dan Perbankan,500000,1000000,2000000,4000000,6000000,7500000,10000000,12500000,10000000,13000000,
UI,D3,2025/2026,SNBP/SNBT,Administrasi Perkantoran,500000,1000000,2000000,4000000,6000000,7500000,10000000,12500000,10000000,13000000,
UI,D3,2025/2026,SNBP/SNBT,Administrasi Perpajakan,500000,1000000,2000000,4000000,6000000,7500000,10000000,12500000,10000000,13000000,
UI,D3,2025/2026,SNBP/SNBT,Hubungan Masyarakat,500000,1000000,2000000,4000000,6000000,7500000,10000000,12500000,10000000,13000000,
UI,D3,2025/2026,SNBP/SNBT,Periklanan Kreatif,500000,1000000,2000000,4000000,6000000,7500000,10000000,12500000,10000000,13000000,
UI,D3,2025/2026,SNBP/SNBT,Penyiaran Multimedia,500000,1000000,2000000,4000000,6000000,7500000,10000000,12500000,10000000,13000000,
UI,D3,2025/2026,SNBP/SNBT,Administrasi Rumah Sakit,500000,1000000,2000000,4000000,6000000,7500000,10000000,12500000,10000000,14000000,
UI,S1,2025/2026,SNBP/SNBT,Pendidikan Dokter,,500000,1000000,2000000,4000000,6000000,7500000,10000000,12500000,15000000,17500000
UI,S1,2025/2026,SNBP/SNBT,Kedokteran Gigi,500000,1000000,2000000,4000000,6000000,7500000,10000000,12500000,15000000,17500000,20000000
UI,S1,2025/2026,SNBP/SNBT,Ilmu Keperawatan,500000,1000000,2000000,4000000,6000000,7500000,10000000,12500000,15000000,17500000,20000000
UI,S1,2025/2026,SNBP/SNBT,Farmasi,500000,1000000,2000000,4000000,6000000,7500000,10000000,12500000,15000000,17500000,20000000
UI,S1,2025/2026,SNBP/SNBT,Gizi,500000,1000000,2000000,4000000,6000000,7500000,10000000,12500000,15000000,17500000,19800000
UI,S1,2025/2026,SNBP/SNBT,Kesehatan Lingkungan,500000,1000000,2000000,4000000,6000000,7500000,10000000,12500000,15000000,17500000,19800000
UI,S1,2025/2026,SNBP/SNBT,Kesehatan Masyarakat,500000,1000000,2000000,4000000,6000000,7500000,10000000,12500000,15000000,17500000,20000000
UI,S1,2025/2026,SNBP/SNBT,Keselamatan dan Kesehatan Kerja,500000,1000000,2000000,4000000,6000000,7500000,10000000,12500000,15000000,17500000,20000000
UI,S1,2025/2026,SNBP/SNBT,Biologi,500000,1000000,2000000,4000000,6000000,7500000,10000000,12500000,15000000,17500000,18300000
UI,S1,2025/2026,SNBP/SNBT,Fisika,500000,1000000,2000000,4000000,6000000,7500000,10000000,12500000,15000000,17500000,18300000
UI,S1,2025/2026,SNBP/SNBT,Geofisika,500000,1000000,2000000,4000000,6000000,7500000,10000000,12500000,15000000,17500000,19000000
UI,S1,2025/2026,SNBP/SNBT,Geografi,500000,1000000,2000000,4000000,6000000,7500000,10000000,12500000,15000000,17500000,19000000
UI,S1,2025/2026,SNBP/SNBT,Geologi,500000,1000000,2000000,4000000,6000000,7500000,10000000,12500000,15000000,17500000,16900000
UI,S1,2025/2026,SNBP/SNBT,Ilmu Aktuaria,500000,1000000,2000000,4000000,6000000,7500000,10000000,12500000,15000000,17500000,12800000
UI,S1,2025/2026,SNBP/SNBT,Kimia,500000,1000000,2000000,4000000,6000000,7500000,10000000,12500000,15000000,17500000,18300000
UI,S1,2025/2026,SNBP/SNBT,Matematika,500000,1000000,2000000,4000000,6000000,7500000,10000000,12500000,15000000,17500000,17300000
UI,S1,2025/2026,SNBP/SNBT,Statistika,500000,1000000,2000000,4000000,6000000,7500000,10000000,12500000,15000000,17500000,18100000
UI,S1,2025/2026,SNBP/SNBT,Arsitektur,500000,1000000,2000000,4000000,6000000,7500000,10000000,12500000,15000000,17500000,19100000
UI,S1,2025/2026,SNBP/SNBT,Arsitektur Interior,500000,1000000,2000000,4000000,6000000,7500000,10000000,12500000,15000000,17500000,19100000
UI,S1,2025/2026,SNBP/SNBT,Teknik Biomedik,500000,1000000,2000000,4000000,6000000,7500000,10000000,12500000,15000000,17500000,19200000
UI,S1,2025/2026,SNBP/SNBT,Teknik Bioproses,500000,1000000,2000000,4000000,6000000,7500000,10000000,12500000,15000000,17500000,20000000
UI,S1,2025/2026,SNBP/SNBT,Teknik Elektro,500000,1000000,2000000,4000000,6000000,7500000,10000000,12500000,15000000,17500000,19900000
UI,S1,2025/2026,SNBP/SNBT,Teknik Industri,500000,1000000,2000000,4000000,6000000,7500000,10000000,12500000,15000000,17500000,19900000
UI,S1,2025/2026,SNBP/SNBT,Teknik Kimia,500000,1000000,2000000,4000000,6000000,7500000,10000000,12500000,15000000,17500000,19900000
UI,S1,2025/2026,SNBP/SNBT,Teknik Komputer,500000,1000000,2000000,4000000,6000000,7500000,10000000,12500000,15000000,17500000,19900000
UI,S1,2025/2026,SNBP/SNBT,Teknik Lingkungan,500000,1000000,2000000,4000000,6000000,7500000,10000000,12500000,15000000,17500000,19900000
UI,S1,2025/2026,SNBP/SNBT,Teknik Mesin,500000,1000000,2000000,4000000,6000000,7500000,10000000,12500000,15000000,17500000,20000000
UI,S1,2025/2026,SNBP/SNBT,Teknik Metalurgi & Material,500000,1000000,2000000,4000000,6000000,7500000,10000000,12500000,15000000,17500000,19900000
UI,S1,2025/2026,SNBP/SNBT,Teknik Perkapalan,500000,1000000,2000000,4000000,6000000,7500000,10000000,12500000,15000000,17500000,20000000
UI,S1,2025/2026,SNBP/SNBT,Teknik Sipil,500000,1000000,2000000,4000000,6000000,7500000,10000000,12500000,15000000,17500000,19900000
UI,S1,2025/2026,SNBP/SNBT,Ilmu Komputer,500000,1000000,2000000,4000000,6000000,7500000,10000000,12500000,15000000,17500000,20000000
UI,S1,2025/2026,SNBP/SNBT,Sistem Informasi,500000,1000000,2000000,4000000,6000000,7500000,10000000,12500000,15000000,17500000,20000000
UI,S1,2025/2026,SNBP/SNBT,Ilmu Hukum,500000,1000000,2000000,3000000,5000000,7500000,10000000,12500000,15000000,17500000,14600000
UI,S1,2025/2026,SNBP/SNBT,Akuntansi,500000,1000000,2000000,4000000,5000000,7500000,10000000,12500000,15000000,17500000,14600000
UI,S1,2025/2026,SNBP/SNBT,Bisnis Islam,500000,1000000,2000000,3000000,5000000,7500000,10000000,12500000,15000000,17500000,14600000
UI,S1,2025/2026,SNBP/SNBT,Ilmu Ekonomi,500000,1000000,2000000,4000000,5000000,7500000,10000000,12500000,15000000,17500000,14600000
UI,S1,2025/2026,SNBP/SNBT,Ilmu Ekonomi Islam,500000,1000000,2000000,4000000,5000000,7500000,10000000,12500000,15000000,17500000,14600000
UI,S1,2025/2026,SNBP/SNBT,Manajemen,500000,1000000,2000000,3000000,5000000,7500000,10000000,12500000,15000000,17500000,14600000
UI,S1,2025/2026,SNBP/SNBT,Arkeologi,500000,1000000,2000000,3000000,4000000,7500000,10000000,12500000,15000000,17500000,9000000
UI,S1,2025/2026,SNBP/SNBT,Bahasa dan Kebudayaan Korea,500000,1000000,2000000,3000000,4000000,7500000,10000000,12500000,15000000,17500000,8300000
UI,S1,2025/2026,SNBP/SNBT,Ilmu Filsafat,500000,1000000,2000000,3000000,4000000,7500000,10000000,12500000,15000000,17500000,8000000
UI,S1,2025/2026,SNBP/SNBT,Ilmu Perpustakaan,500000,1000000,2000000,3000000,4000000,7500000,10000000,12500000,15000000,17500000,8600000
UI,S1,2025/2026,SNBP/SNBT,Ilmu Sejarah,500000,1000000,2000000,3000000,4000000,7500000,10000000,12500000,15000000,17500000,7800000
UI,S1,2025/2026,SNBP/SNBT,Sastra Arab,500000,1000000,2000000,3000000,4000000,5000000,7500000,8300000,,,
UI,S1,2025/2026,SNBP/SNBT,Sastra Belanda,500000,1000000,2000000,3000000,4000000,5000000,7500000,8300000,,,
UI,S1,2025/2026,SNBP/SNBT,Sastra Cina,500000,1000000,2000000,3000000,4000000,5000000,7500000,8300000,,,
UI,S1,2025/2026,SNBP/SNBT,Sastra Daerah untuk Sastra Jawa,500000,1000000,2000000,3000000,4000000,5000000,7500000,8300000,,,
UI,S1,2025/2026,SNBP/SNBT,Sastra Indonesia,500000,1000000,2000000,3000000,4000000,5000000,7500000,8600000,,,
UI,S1,2025/2026,SNBP/SNBT,Sastra Inggris,500000,1000000,2000000,3000000,4000000,5000000,7500000,8600000,,,
UI,S1,2025/2026,SNBP/SNBT,Sastra Jepang,500000,1000000,2000000,3000000,4000000,5000000,7500000,8300000,,,
UI,S1,2025/2026,SNBP/SNBT,Sastra Jerman,500000,1000000,2000000,3000000,4000000,5000000,7500000,8300000,,,
UI,S1,2025/2026,SNBP/SNBT,Sastra Perancis,500000,1000000,2000000,3000000,4000000,5000000,7500000,8300000,,,
UI,S1,2025/2026,SNBP/SNBT,Sastra Rusia,500000,1000000,2000000,3000000,4000000,5000000,7500000,8300000,,,
UI,S1,2025/2026,SNBP/SNBT,Psikologi,500000,1000000,2000000,3000000,4000000,5000000,7500000,10000000,12500000,14000000,
UI,S1,2025/2026,SNBP/SNBT,Antropologi Sosial,500000,1000000,2000000,3000000,4000000,5000000,7500000,7800000,,,
UI,S1,2025/2026,SNBP/SNBT,Ilmu Hubungan Internasional,500000,1000000,2000000,3000000,4000000,5000000,7500000,10000000,12500000,14000000,
UI,S1,2025/2026,SNBP/SNBT,Ilmu Komunikasi,500000,1000000,2000000,3000000,4000000,5000000,7500000,10000000,12500000,14000000,
UI,S1,2025/2026,SNBP/SNBT,Ilmu Politik,500000,1000000,2000000,3000000,4000000,5000000,7500000,,,,
UI,S1,2025/2026,SNBP/SNBT,Kesejahteraan Sosial,500000,1000000,2000000,3000000,4000000,5000000,7500000,10000000,12500000,14000000,
UI,S1,2025/2026,SNBP/SNBT,Kriminologi,500000,1000000,2000000,3000000,4000000,5000000,7500000,8600000,,,
UI,S1,2025/2026,SNBP/SNBT,Sosiologi,500000,1000000,2000000,3000000,4000000,5000000,7500000,,,,
UI,S1,2025/2026,SNBP/SNBT,Ilmu Administrasi Fiskal,500000,1000000,2000000,3000000,4000000,5000000,7500000,8600000,,,
UI,S1,2025/2026,SNBP/SNBT,Ilmu Administrasi Negara,500000,1000000,2000000,3000000,4000000,5000000,7500000,8600000,,,
UI,S1,2025/2026,SNBP/SNBT,Ilmu Administrasi Niaga,500000,1000000,2000000,3000000,4000000,5000000,7500000,8600000,,,
IPB,S1,2025/2026,SNBP/SNBT,Manajemen Sumberdaya Lahan,500000,1000000,2400000,4000000,7000000,9000000,11000000,,,,
IPB,S1,2025/2026,SNBP/SNBT,Agronomi Dan Hortikultura,500000,1000000,2400000,4000000,7000000,9000000,11000000,,,,
IPB,S1,2025/2026,SNBP/SNBT,Proteksi Tanaman,500000,1000000,2400000,4000000,7000000,9000000,11000000,,,,
IPB,S1,2025/2026,SNBP/SNBT,Arsitektur Lanskap,500000,1000000,2400000,4000000,7000000,9000000,11000000,,,,
IPB,S1,2025/2026,SNBP/SNBT,Smart Agriculture,500000,1000000,2500000,5000000,7000000,8500000,10000000,11000000,,,
IPB,S1,2025/2026,SNBP/SNBT,Kedokteran Hewan,500000,1000000,2400000,5000000,8000000,10000000,12000000,,,,
IPB,S1,2025/2026,SNBP/SNBT,Sains Biomedis,500000,1000000,2400000,5000000,8000000,10000000,12000000,,,,
IPB,S1,2025/2026,SNBP/SNBT,Teknologi dan Manajemen Perikanan Budidaya,500000,1000000,2400000,4000000,7000000,9000000,11000000,,,,
IPB,S1,2025/2026,SNBP/SNBT,Manajemen Sumberdaya Perairan,500000,1000000,2400000,4000000,7000000,9000000,11000000,,,,
IPB,S1,2025/2026,SNBP/SNBT,Teknologi Hasil Perairan,500000,1000000,2400000,4000000,7000000,9000000,11000000,,,,
IPB,S1,2025/2026,SNBP/SNBT,Teknologi dan Manajemen Perikanan Tangkap,500000,1000000,2400000,4000000,7000000,9000000,11000000,,,,
IPB,S1,2025/2026,SNBP/SNBT,Ilmu Dan Teknologi Kelautan,500000,1000000,2400000,4000000,7000000,9000000,11000000,,,,
IPB,S1,2025/2026,SNBP/SNBT,Teknologi Produksi Ternak,500000,1000000,2400000,4000000,7000000,9000000,11000000,,,,
IPB,S1,2025/2026,SNBP/SNBT,Ilmu Nutrisi dan Teknologi Pakan,500000,1000000,2400000,4000000,7000000,9000000,11000000,,,,
IPB,S1,2025/2026,SNBP/SNBT,Teknologi Hasil Ternak,500000,1000000,2400000,4000000,7000000,9000000,11000000,,,,
IPB,S1,2025/2026,SNBP/SNBT,Manajemen Hutan,500000,1000000,2400000,4000000,7000000,9000000,11000000,,,,
IPB,S1,2025/2026,SNBP/SNBT,Teknologi Hasil Hutan,500000,1000000,2400000,4000000,7000000,9000000,11000000,,,,
IPB,S1,2025/2026,SNBP/SNBT,Konservasi Sumberdaya Hutan dan Ekowisata,500000,1000000,2400000,4000000,7000000,9000000,11000000,,,,
IPB,S1,2025/2026,SNBP/SNBT,Silvikultur,500000,1000000,2400000,4000000,7000000,9000000,11000000,,,,
IPB,S1,2025/2026,SNBP/SNBT,Teknik Pertanian Dan Biosistem,500000,1000000,2400000,4000000,7000000,9000000,11000000,,,,
IPB,S1,2025/2026,SNBP/SNBT,Teknologi Pangan,500000,1000000,2400000,4000000,7000000,9000000,11000000,,,,
IPB,S1,2025/2026,SNBP/SNBT,Teknologi Industri Pertanian,500000,1000000,2400000,4000000,7000000,9000000,11000000,,,,
IPB,S1,2025/2026,SNBP/SNBT,Teknik Sipil Dan Lingkungan,500000,1000000,2400000,4000000,7000000,9000000,11000000,,,,
IPB,S1,2025/2026,SNBP/SNBT,Teknik Mesin,500000,1000000,2500000,5000000,7500000,10000000,12500000,,,,
IPB,S1,2025/2026,SNBP/SNBT,Teknik Kimia,500000,1000000,2500000,5000000,7500000,10000000,12500000,,,,
IPB,S1,2025/2026,SNBP/SNBT,Meteorologi Terapan,500000,1000000,2400000,4000000,7000000,9000000,11000000,,,,
IPB,S1,2025/2026,SNBP/SNBT,Biologi,500000,1000000,2400000,4000000,7000000,9000000,11000000,,,,
IPB,S1,2025/2026,SNBP/SNBT,Kimia,500000,1000000,2400000,4000000,7000000,9000000,11000000,,,,
IPB,S1,2025/2026,SNBP/SNBT,Fisika,500000,1000000,2400000,4000000,7000000,9000000,11000000,,,,
IPB,S1,2025/2026,SNBP/SNBT,Biokimia,500000,1000000,2400000,4000000,7000000,9000000,11000000,,,,
IPB,S1,2025/2026,SNBP/SNBT,Bioinformatika,500000,1000000,2500000,5000000,7500000,9000000,11000000,,,,
IPB,S1,2025/2026,SNBP/SNBT,Ekonomi dan Studi Pembangunan,500000,1000000,2400000,3000000,6000000,8000000,10000000,,,,
IPB,S1,2025/2026,SNBP/SNBT,Manajemen,500000,1000000,2400000,3000000,6000000,8000000,10000000,,,,
IPB,S1,2025/2026,SNBP/SNBT,Agribisnis,500000,1000000,2400000,3000000,6000000,8000000,10000000,,,,
IPB,S1,2025/2026,SNBP/SNBT,Ekonomi Sumberdaya Dan Lingkungan,500000,1000000,2400000,3000000,6000000,8000000,10000000,,,,
IPB,S1,2025/2026,SNBP/SNBT,Ilmu Ekonomi Syariah,500000,1000000,2400000,3000000,6000000,8000000,10000000,,,,
IPB,S1,2025/2026,SNBP/SNBT,Ilmu Gizi,500000,1000000,2400000,4000000,7000000,9000000,11000000,,,,
IPB,S1,2025/2026,SNBP/SNBT,Ilmu Keluarga Dan Konsumen,500000,1000000,2400000,4000000,7000000,9000000,11000000,,,,
IPB,S1,2025/2026,SNBP/SNBT,Komunikasi Dan Pengembangan Masyarakat,500000,1000000,2400000,3000000,6000000,8000000,10000000,,,,
IPB,S1,2025/2026,SNBP/SNBT,Bisnis,500000,1000000,2400000,5000000,8000000,10000000,12000000,,,,
IPB,S1,2025/2026,SNBP/SNBT,Kedokteran,500000,1000000,5000000,10000000,15000000,20000000,,,,,
IPB,S1,2025/2026,SNBP/SNBT,Statistika dan Sains Terapan,500000,1000000,2400000,4000000,7000000,9000000,11000000,,,,
IPB,S1,2025/2026,SNBP/SNBT,Matematika,500000,1000000,2400000,4000000,7000000,9000000,11000000,,,,
IPB,S1,2025/2026,SNBP/SNBT,Ilmu Komputer,500000,1000000,2400000,4000000,7000000,9000000,11000000,,,,
IPB,S1,2025/2026,SNBP/SNBT,Aktuaria,500000,1000000,2400000,4000000,7000000,9000000,11000000,,,,
IPB,S1,2025/2026,SNBP/SNBT,Kecerdasan Buatan,500000,1000000,2400000,4000000,7000000,9000000,,,,,
Unpad,S1,2023/2024,SNBP/SNBT,Hukum,500000,1000000,2000000,3000000,4000000,5000000,7000000,9000000,,,
Unpad,S1,2023/2024,SNBP/SNBT,Ekonomi Islam,500000,1000000,2000000,3000000,4500000,6000000,7500000,9000000,,,
Unpad,S1,2023/2024,SNBP/SNBT,Bisnis Digital,500000,1000000,2000000,3500000,5000000,6500000,7750000,9000000,,,
Unpad,S1,2023/2024,SNBP/SNBT,Manajemen,500000,1000000,2500000,3500000,5000000,6500000,7750000,9000000,,,
Unpad,S1,2023/2024,SNBP/SNBT,Akuntansi,500000,1000000,2000000,3500000,6500000,6500000,7750000,9000000,,,
Unpad,S1,2023/2024,SNBP/SNBT,Ilmu Ekonomi,500000,1000000,2000000,3000000,4500000,6000000,7500000,9000000,,,
Unpad,S1,2023/2024,SNBP/SNBT,Kedokteran,500000,1000000,3500000,7000000,11500000,16000000,20500000,24000000,,,
Unpad,S1,2023/2024,SNBP/SNBT,Kedokteran Hewan,500000,1000000,2200000,4000000,6000000,8500000,11000000,12500000,,,
Unpad,S1,2023/2024,SNBP/SNBT,Matematika,500000,1000000,2250000,3500000,4250000,5250000,6500000,7500000,,,
Unpad,S1,2023/2024,SNBP/SNBT,Kimia,500000,1000000,2000000,3000000,4500000,5750000,7000000,8000000,,,
Unpad,S1,2023/2024,SNBP/SNBT,Fisika,500000,1000000,2000000,3000000,4500000,5750000,7000000,8000000,,,
Unpad,S1,2023/2024,SNBP/SNBT,Biologi,500000,1000000,2000000,3000000,4500000,5750000,7000000,8000000,,,
Unpad,S1,2023/2024,SNBP/SNBT,Statistika,500000,1000000,2250000,3500000,4250000,5250000,6500000,7500000,,,
Unpad,S1,2023/2024,SNBP/SNBT,Geofisika,500000,1000000,2000000,3000000,4500000,5750000,7000000,8000000,,,
Unpad,S1,2023/2024,SNBP/SNBT,Teknik Informatika,500000,1000000,2500000,4000000,5500000,7000000,9500000,12000000,,,
Unpad,S1,2023/2024,SNBP/SNBT,Teknik Elektro,500000,1000000,2500000,4000000,6000000,8000000,10000000,12000000,,,
Unpad,S1,2023/2024,SNBP/SNBT,Ilmu Aktuaria,500000,1000000,2250000,3000000,4500000,5750000,7000000,8000000,,,
Unpad,S1,2023/2024,SNBP/SNBT,Agroteknologi,500000,1000000,2500000,3500000,4000000,5000000,6500000,8000000,,,
Unpad,S1,2023/2024,SNBP/SNBT,Agribisnis,500000,1000000,2500000,3500000,4000000,5000000,6500000,8000000,,,
Unpad,S1,2023/2024,SNBP/SNBT,Kedokteran Gigi,500000,1000000,3000000,5000000,8000000,11500000,15000000,18000000,,,
Unpad,S1,2023/2024,SNBP/SNBT,Administrasi Bisnis,500000,1000000,2000000,3000000,4000000,5000000,7000000,9000000,,,
Unpad,S1,2023/2024,SNBP/SNBT,Administrasi Bisnis K. Pangandaran,500000,1000000,2000000,3000000,4000000,5000000,5500000,6000000,,,
Unpad,S1,2023/2024,SNBP/SNBT,Administrasi Publik,500000,1000000,2000000,3000000,4000000,5000000,7000000,9000000,,,
Unpad,S1,2023/2024,SNBP/SNBT,Antropologi,500000,1000000,2000000,3000000,4500000,6000000,7500000,9000000,,,
Unpad,S1,2023/2024,SNBP/SNBT,Hubungan Internasional,500000,1000000,2000000,3000000,4000000,5000000,5500000,6000000,,,
Unpad,S1,2023/2024,SNBP/SNBT,Ilmu Pemerintahan,500000,1000000,2000000,3000000,4000000,5000000,5500000,6000000,,,
Unpad,S1,2023/2024,SNBP/SNBT,Ilmu Politik,500000,1000000,2000000,3000000,4000000,5000000,5500000,6000000,,,
Unpad,S1,2023/2024,SNBP/SNBT,Kesejahteraan Sosial,500000,1000000,2000000,3000000,4000000,5000000,5500000,6000000,,,
Unpad,S1,2023/2024,SNBP/SNBT,Sosiologi,500000,1000000,2000000,3000000,4000000,5000000,6000000,7000000,,,
Unpad,S1,2023/2024,SNBP/SNBT,Sastra Indonesia,500000,1000000,2000000,3000000,4000000,5000000,6000000,7000000,,,
Unpad,S1,2023/2024,SNBP/SNBT,Sastra Sunda,500000,1000000,2000000,3000000,4000000,5000000,6000000,7000000,,,
Unpad,S1,2023/2024,SNBP/SNBT,Sejarah,500000,1000000,2000000,3000000,4000000,5000000,6000000,7000000,,,
Unpad,S1,2023/2024,SNBP/SNBT,Sastra Inggris,500000,1000000,2000000,3000000,4000000,5000000,6000000,7000000,,,
Unpad,S1,2023/2024,SNBP/SNBT,Sastra Perancis,500000,1000000,2000000,3000000,4000000,5000000,6000000,7000000,,,
Unpad,S1,2023/2024,SNBP/SNBT,Sastra Jepang,500000,1000000,2000000,3000000,4000000,5000000,6000000,7000000,,,
Unpad,S1,2023/2024,SNBP/SNBT,Sastra Rusia,500000,1000000,2000000,3000000,4000000,5000000,6000000,7000000,,,
Unpad,S1,2023/2024,SNBP/SNBT,Sastra Jerman,500000,1000000,2000000,3000000,4000000,5000000,6000000,7000000,,,
Unpad,S1,2023/2024,SNBP/SNBT,Sastra Arab,500000,1000000,2000000,3000000,4000000,5000000,6000000,7000000,,,
Unpad,S1,2023/2024,SNBP/SNBT,Psikologi,500000,1000000,2500000,4000000,5500000,7500000,10000000,12000000,,,
Unpad,S1,2023/2024,SNBP/SNBT,Peternakan,500000,1000000,2250000,3500000,4500000,6000000,7500000,9000000,,,
Unpad,S1,2023/2024,SNBP/SNBT,Peternakan K. Pangandaran,500000,1000000,2250000,3500000,4250000,5000000,5750000,6500000,,,
Unpad,S1,2023/2024,SNBP/SNBT,Hubungan Masyarakat,500000,1000000,2500000,3500000,5000000,6500000,8000000,9000000,,,
Unpad,S1,2023/2024,SNBP/SNBT,Ilmu Komunikasi,500000,1000000,2500000,3500000,5000000,6500000,8000000,9000000,,,
Unpad,S1,2023/2024,SNBP/SNBT,Ilmu Komunikasi K. Pangandaran,500000,1000000,2000000,3000000,4000000,5000000,6000000,7000000,,,
Unpad,S1,2023/2024,SNBP/SNBT,Perpustakaan dan Sains Informasi,500000,1000000,2500000,3500000,5000000,6500000,8000000,9000000,,,
Unpad,S1,2023/2024,SNBP/SNBT,Jurnalistik,500000,1000000,2500000,3500000,5000000,6500000,8000000,9000000,,,
Unpad,S1,2023/2024,SNBP/SNBT,Manajemen Komunikasi,500000,1000000,2500000,3500000,5000000,6500000,8000000,9000000,,,
Unpad,S1,2023/2024,SNBP/SNBT,Televisi dan Film,500000,1000000,2500000,3500000,5000000,6500000,8000000,9000000,,,
Unpad,S1,2023/2024,SNBP/SNBT,Keperawatan,500000,1000000,2750000,4000000,5250000,7000000,9500000,12000000,,,
Unpad,S1,2023/2024,SNBP/SNBT,Keperawatan K. Pangandaran,500000,1000000,2750000,4000000,5250000,6500000,7750000,9000000,,,
Unpad,S1,2023/2024,SNBP/SNBT,Ilmu Kelautan,500000,1000000,2500000,3500000,5000000,6750000,8500000,9500000,,,
Unpad,S1,2023/2024,SNBP/SNBT,Perikanan,500000,1000000,2500000,3500000,5000000,6750000,8500000,9500000,,,
Unpad,S1,2023/2024,SNBP/SNBT,Perikanan K. Pangandaran,500000,1000000,2500000,3500000,5000000,6750000,8500000,9500000,,,
Unpad,S1,2023/2024,SNBP/SNBT,Teknik Pertanian,500000,1000000,1500000,2500000,3500000,4500000,6000000,7500000,,,
Unpad,S1,2023/2024,SNBP/SNBT,Teknologi Industri Pertanian,500000,1000000,1500000,2500000,3500000,4500000,6000000,7500000,,,
Unpad,S1,2023/2024,SNBP/SNBT,Teknologi Pangan,500000,1000000,2000000,3000000,4500000,6000000,7500000,9000000,,,
Unpad,S1,2023/2024,SNBP/SNBT,Farmasi,500000,1000000,2500000,4000000,6000000,9000000,12000000,14000000,,,
Unpad,S1,2023/2024,SNBP/SNBT,Teknik Geologi,500000,1000000,3000000,4500000,6500000,8250000,10000000,13000000,,,
Unair,S1,2025/2026,SNBP/SNBT,Kedokteran,500000,1000000,2400000,10000000,15000000,22500000,25000000,,,,
Unair,S1,2025/2026,SNBP/SNBT,Kebidanan,500000,1000000,2400000,6000000,8000000,12000000,13500000,,,,
Unair,S1,2025/2026,SNBP/SNBT,Kedokteran Gigi,500000,1000000,2400000,10000000,12500000,19000000,21000000,,,,
Unair,S1,2025/2026,SNBP/SNBT,Ilmu Hukum,500000,1000000,2400000,6000000,7500000,9000000,10000000,,,,
Unair,S1,2025/2026,SNBP/SNBT,Manajemen,500000,1000000,2400000,6000000,7500000,9000000,10000000,,,,
Unair,S1,2025/2026,SNBP/SNBT,Akuntansi,500000,1000000,2400000,6000000,7500000,9000000,10000000,,,,
Unair,S1,2025/2026,SNBP/SNBT,Ilmu Ekonomi (Ekonomi Pembangunan),500000,1000000,2400000,6000000,7500000,9000000,10000000,,,,
Unair,S1,2025/2026,SNBP/SNBT,Ekonomi Islam,500000,1000000,2400000,6000000,7500000,9000000,10000000,,,,
Unair,S1,2025/2026,SNBP/SNBT,Farmasi,500000,1000000,2400000,6000000,8000000,13500000,15000000,,,,
Unair,S1,2025/2026,SNBP/SNBT,Kedokteran Hewan,500000,1000000,2400000,6000000,8000000,12500000,14000000,,,,
Unair,S1,2025/2026,SNBP/SNBT,Sosiologi,500000,1000000,2400000,5000000,6000000,7500000,8200000,,,,
Unair,S1,2025/2026,SNBP/SNBT,Ilmu Politik,500000,1000000,2400000,5000000,6000000,7500000,8200000,,,,
Unair,S1,2025/2026,SNBP/SNBT,Ilmu Komunikasi,500000,1000000,2400000,6000000,7500000,9000000,10000000,,,,
Unair,S1,2025/2026,SNBP/SNBT,Administrasi Publik,500000,1000000,2400000,6000000,7500000,8500000,9000000,,,,
Unair,S1,2025/2026,SNBP/SNBT,Ilmu Hubungan Internasional,500000,1000000,2400000,6000000,7500000,9000000,10000000,,,,
Unair,S1,2025/2026,SNBP/SNBT,Antropologi,500000,1000000,2400000,5000000,6000000,8000000,9000000,,,,
Unair,S1,2025/2026,SNBP/SNBT,Ilmu Informasi dan Perpustakaan,500000,1000000,2400000,5000000,6000000,8000000,9000000,,,,
Unair,S1,2025/2026,SNBP/SNBT,Matematika,500000,1000000,2400000,5000000,7000000,9000000,10000000,,,,
Unair,S1,2025/2026,SNBP/SNBT,Sistem Informasi,500000,1000000,2400000,6000000,8000000,9000000,10000000,,,,
Unair,S1,2025/2026,SNBP/SNBT,Fisika,500000,1000000,2400000,5000000,7000000,9000000,10000000,,,,
Unair,S1,2025/2026,SNBP/SNBT,Biologi,500000,1000000,2400000,5000000,8000000,10500000,11500000,,,,
Unair,S1,2025/2026,SNBP/SNBT,Teknik Biomedis,500000,1000000,2400000,6000000,8000000,11500000,12500000,,,,
Unair,S1,2025/2026,SNBP/SNBT,Teknik Lingkungan,500000,1000000,2400000,6000000,8000000,11500000,12500000,,,,
Unair,S1,2025/2026,SNBP/SNBT,Kimia,500000,1000000,2400000,5000000,8000000,10500000,11500000,,,,
Unair,S1,2025/2026,SNBP/SNBT,Statistika,500000,1000000,2400000,5000000,7000000,9000000,10000000,,,,
Unair,S1,2025/2026,SNBP/SNBT,Kesehatan Masyarakat,500000,1000000,2400000,6000000,8000000,12500000,14000000,,,,
Unair,S1,2025/2026,SNBP/SNBT,Gizi,500000,1000000,2400000,6000000,8000000,12500000,14000000,,,,
Unair,S1,2025/2026,SNBP/SNBT,Psikologi,500000,1000000,2400000,6000000,7500000,9000000,10000000,,,,
Unair,S1,2025/2026,SNBP/SNBT,Bahasa dan Sastra Inggris,500000,1000000,2400000,6000000,7500000,8500000,9000000,,,,
Unair,S1,2025/2026,SNBP/SNBT,Bahasa dan Sastra Indonesia,500000,1000000,2400000,5000000,6000000,8000000,9000000,,,,
Unair,S1,2025/2026,SNBP/SNBT,Ilmu Sejarah,500000,1000000,2400000,5000000,6000000,7000000,7500000,,,,
Unair,S1,2025/2026,SNBP/SNBT,Bahasa dan Sastra Jepang,500000,1000000,2400000,5000000,6000000,8000000,9000000,,,,
Unair,S1,2025/2026,SNBP/SNBT,Keperawatan,500000,1000000,2400000,6000000,8000000,11500000,12500000,,,,
Unair,S1,2025/2026,SNBP/SNBT,Akuakultur,500000,1000000,2400000,6000000,7000000,10000000,11000000,,,,
Unair,S1,2025/2026,SNBP/SNBT,Teknologi Hasil Perikanan,500000,1000000,2400000,6000000,7000000,10000000,11000000,,,,
Unair,S1,2025/2026,SNBP/SNBT,Teknik Industri,500000,1000000,2400000,8000000,10350000,11500000,12500000,,,,
Unair,S1,2025/2026,SNBP/SNBT,Teknik Elektro,500000,1000000,2400000,8000000,10350000,11500000,12500000,,,,
Unair,S1,2025/2026,SNBP/SNBT,Rekayasa Nanoteknologi,500000,1000000,2400000,8000000,10350000,11500000,12500000,,,,
Unair,S1,2025/2026,SNBP/SNBT,Teknik Robotika dan Kecerdasan Buatan,500000,1000000,2400000,8000000,10350000,11500000,12500000,,,,
Unair,S1,2025/2026,SNBP/SNBT,Teknologi Sains Data,500000,1000000,2400000,8000000,10350000,11500000,12500000,,,,
Unair,S1,2025/2026,SNBP/SNBT,Kedokteran Hewan (FIKKIA Banyuwangi),500000,1000000,2400000,6000000,8000000,12500000,14000000,,,,
Unair,S1,2025/2026,SNBP/SNBT,Kesehatan Masyarakat (FIKKIA Banyuwangi),500000,1000000,2400000,6000000,8000000,12500000,14000000,,,,
Unair,S1,2025/2026,SNBP/SNBT,Akuakultur (FIKKIA Banyuwangi),500000,1000000,2400000,6000000,7000000,10000000,11000000,,,,
Unair,S1,2025/2026,SNBP/SNBT,Kedokteran (FIKKIA Banyuwangi),500000,1000000,10000000,15000000,20000000,22500000,25000000,,,,
UNS,S1,2024/2025,SNBP/SNBT,Agribisnis,475000,975000,3075000,4975000,5475000,6025000,6630000,9935000,14667000,,
UNS,S1,2024/2025,SNBP/SNBT,Agroteknologi,475000,975000,3075000,4975000,5475000,6025000,6630000,10087000,14667000,,
UNS,S1,2024/2025,SNBP/SNBT,Akuntansi,475000,975000,3225000,5225000,5715000,6205000,6705000,7475000,11000000,,
UNS,S1,2024/2025,SNBP/SNBT,Arsitektur,475000,975000,2975000,4975000,5975000,6575000,7235000,11203000,14081000,,
UNS,S1,2024/2025,SNBP/SNBT,Bahasa Mandarin dan Kebudayaan Tiongkok,475000,975000,2850000,3600000,4975000,5475000,6025000,7728000,8214000,,
UNS,S1,2024/2025,SNBP/SNBT,Bimbingan dan Konseling,475000,975000,3875000,4575000,5275000,6075000,6675000,6716000,7667000,,
UNS,S1,2024/2025,SNBP/SNBT,Biologi,475000,975000,3775000,5325000,5775000,6355000,6993000,11193000,15000000,,
UNS,S1,2024/2025,SNBP/SNBT,Bisnis Digital,475000,975000,3225000,4975000,5975000,6575000,7235000,7475000,11000000,,
UNS,S1,2024/2025,SNBP/SNBT,Desain Interior,475000,975000,2850000,3588000,4975000,5475000,6025000,8739000,9613000,,
UNS,S1,2024/2025,SNBP/SNBT,Desain Komunikasi Visual,475000,975000,3225000,3850000,4975000,5475000,6025000,9089000,9998000,,
UNS,S1,2024/2025,SNBP/SNBT,Ekonomi Pembangunan,475000,975000,3225000,4975000,5975000,6575000,7235000,7475000,11000000,,
UNS,S1,2024/2025,SNBP/SNBT,Farmasi,475000,975000,4125000,5925000,6475000,7125000,7840000,12615000,25686000,,
UNS,S1,2024/2025,SNBP/SNBT,Fisika,475000,975000,3775000,5325000,5775000,6355000,6993000,11193000,14000000,,
UNS,S1,2024/2025,SNBP/SNBT,Hubungan Internasional,475000,975000,2975000,3775000,5775000,6355000,6675000,6716000,7557000,,
UNS,S1,2024/2025,SNBP/SNBT,Ilmu Administrasi Negara,475000,975000,2875000,3375000,4975000,5475000,6025000,6716000,8664000,,
UNS,S1,2024/2025,SNBP/SNBT,Ilmu Hukum,475000,975000,3725000,4975000,6225000,6850000,6975000,6986000,10020000,,
UNS,S1,2024/2025,SNBP/SNBT,Ilmu Komunikasi,475000,975000,2975000,3375000,5475000,6025000,6630000,6986000,9619000,,
UNS,S1,2024/2025,SNBP/SNBT,Ilmu Lingkungan,475000,975000,4191000,5850000,6331000,6952000,7635000,11193000,13494000,,
UNS,S1,2024/2025,SNBP/SNBT,Ilmu Sejarah,475000,975000,2550000,3350000,4975000,5475000,6025000,6986000,7885000,,
UNS,S1,2024/2025,SNBP/SNBT,Ilmu Tanah,475000,975000,3075000,4975000,5475000,6025000,6630000,9552000,14667000,,
UNS,S1,2024/2025,SNBP/SNBT,Ilmu Teknologi Pangan,475000,975000,3225000,4975000,5725000,6300000,6933000,10087000,15335000,,
UNS,S1,2024/2025,SNBP/SNBT,Informatika,475000,975000,3325000,5475000,6075000,6685000,7356000,10117000,12141000,,
UNS,S1,2024/2025,SNBP/SNBT,Kebidanan,475000,975000,7345000,8005000,8225000,9050000,9982000,16892000,20000000,,
UNS,S1,2024/2025,SNBP/SNBT,Kedokteran,475000,975000,6725000,10225000,13725000,17475000,19475000,21815000,30000000,,
UNS,S1,2024/2025,SNBP/SNBT,Kimia,475000,975000,3775000,5325000,5775000,6355000,6993000,10761000,15000000,,
UNS,S1,2024/2025,SNBP/SNBT,Kriya Seni,475000,975000,2550000,3350000,4975000,5475000,6025000,8739000,9613000,,
UNS,S1,2024/2025,SNBP/SNBT,Manajemen,475000,975000,3225000,4975000,6225000,6850000,6975000,6986000,11000000,,
UNS,S1,2024/2025,SNBP/SNBT,Matematika,475000,975000,3225000,4775000,5225000,5750000,6328000,9552000,12000000,,
UNS,S1,2024/2025,SNBP/SNBT,Pendidikan Administrasi Perkantoran,475000,975000,3675000,4375000,4975000,5775000,6375000,6447000,7667000,,
UNS,S1,2024/2025,SNBP/SNBT,Pendidikan Akuntansi,475000,975000,3675000,4375000,4975000,5775000,6375000,6447000,7987000,,
UNS,S1,2024/2025,SNBP/SNBT,Pendidikan Bahasa Inggris,475000,975000,3875000,4575000,5275000,6075000,6675000,6716000,7667000,,
UNS,S1,2024/2025,SNBP/SNBT,Pendidikan Bahasa Jawa,475000,975000,3875000,4575000,5275000,6075000,6675000,6716000,7667000,,
UNS,S1,2024/2025,SNBP/SNBT,Pendidikan Bahasa dan Sastra Indonesia,475000,975000,3975000,4775000,5475000,6275000,6975000,6986000,7987000,,
UNS,S1,2024/2025,SNBP/SNBT,Pendidikan Biologi,475000,975000,4475000,5475000,6475000,7125000,7840000,9552000,11980000,,
UNS,S1,2024/2025,SNBP/SNBT,Pendidikan Ekonomi,475000,975000,3975000,4775000,5475000,6275000,6975000,6986000,7987000,,
UNS,S1,2024/2025,SNBP/SNBT,Pendidikan Fisika,475000,975000,4475000,5475000,6475000,7125000,7840000,9552000,11980000,,
UNS,S1,2024/2025,SNBP/SNBT,Pendidikan Geografi,475000,975000,3875000,4575000,5275000,6075000,6675000,6716000,7667000,,
UNS,S1,2024/2025,SNBP/SNBT,Pendidikan Guru Pendidikan Anak Usia Dini,475000,975000,3875000,4575000,5275000,6075000,6675000,6716000,7667000,,
UNS,S1,2024/2025,SNBP/SNBT,Pendidikan Guru Sekolah Dasar,475000,975000,3875000,4575000,5275000,6075000,6675000,6716000,7987000,,
UNS,S1,2024/2025,SNBP/SNBT,Pendidikan Guru Sekolah Dasar (Kampus Kabupaten Kebumen),475000,975000,3875000,4575000,5275000,6075000,6675000,6716000,7348000,,
UNS,S1,2024/2025,SNBP/SNBT,Pendidikan Ilmu Pengetahuan Alam,475000,975000,4575000,5275000,6575000,7225000,7740000,9169000,11022000,,
UNS,S1,2024/2025,SNBP/SNBT,"Pendidikan Jasmani, Kesehatan, dan Rekreasi",475000,975000,3975000,4775000,5475000,6275000,6975000,6986000,7786000,,
UNS,S1,2024/2025,SNBP/SNBT,Pendidikan Kepelatihan Olahraga,475000,975000,3975000,4775000,5475000,6275000,6975000,6986000,7786000,,
UNS,S1,2024/2025,SNBP/SNBT,Pendidikan Kimia,475000,975000,4475000,5475000,6475000,7125000,7840000,9552000,11980000,,
UNS,S1,2024/2025,SNBP/SNBT,Pendidikan Luar Biasa,475000,975000,3975000,4775000,5475000,6275000,6975000,6986000,7987000,,
UNS,S1,2024/2025,SNBP/SNBT,Pendidikan Matematika,475000,975000,3975000,4975000,6175000,6795000,7577000,8664000,8664000,,
UNS,S1,2024/2025,SNBP/SNBT,Pendidikan Pancasila dan Kewarganegaraan,475000,975000,3875000,4575000,5275000,6075000,6675000,6716000,7987000,,
UNS,S1,2024/2025,SNBP/SNBT,Pendidikan Sejarah,475000,975000,3875000,4575000,5275000,6075000,6675000,6716000,7987000,,
UNS,S1,2024/2025,SNBP/SNBT,Pendidikan Seni Rupa,475000,975000,4275000,5275000,5975000,6905000,7598000,7728000,11501000,,
UNS,S1,2024/2025,SNBP/SNBT,Pendidikan Sosiologi Antropologi,475000,975000,3875000,4575000,5275000,6075000,6675000,6716000,7667000,,
UNS,S1,2024/2025,SNBP/SNBT,Pendidikan Teknik Bangunan,475000,975000,3875000,5475000,6475000,7125000,7840000,10117000,15335000,,
UNS,S1,2024/2025,SNBP/SNBT,Pendidikan Teknik Informatika dan Komputer,475000,975000,4475000,5475000,6475000,7125000,7840000,9711000,14081000,,
UNS,S1,2024/2025,SNBP/SNBT,Pendidikan Teknik Mesin,475000,975000,3975000,5475000,6475000,7125000,7840000,10522000,15335000,,
UNS,S1,2024/2025,SNBP/SNBT,Pengelolaan Hutan,475000,975000,3425000,5475000,5975000,6575000,7225000,9683000,12292000,,
UNS,S1,2024/2025,SNBP/SNBT,Penyuluhan dan Komunikasi Pertanian,475000,975000,2974000,3975000,5475000,6025000,6630000,9552000,12826000,,
UNS,S1,2024/2025,SNBP/SNBT,Perencanaan Wilayah dan Kota,475000,975000,2975000,4975000,5975000,6575000,7235000,10771000,12826000,,
UNS,S1,2024/2025,SNBP/SNBT,Peternakan,475000,975000,3075000,4975000,5475000,6025000,6630000,10087000,14667000,,
UNS,S1,2024/2025,SNBP/SNBT,Psikologi,475000,975000,2975000,4475000,5475000,6025000,6630000,10761000,19865000,,
UNS,S1,2024/2025,SNBP/SNBT,Sains Data,475000,975000,3325000,5475000,6075000,6685000,7356000,10117000,12141000,,
UNS,S1,2024/2025,SNBP/SNBT,Sastra Arab,475000,975000,2550000,3350000,4975000,5475000,6025000,7728000,7885000,,
UNS,S1,2024/2025,SNBP/SNBT,Sastra Daerah,475000,975000,2550000,3350000,4975000,5475000,6025000,7728000,8214000,,
UNS,S1,2024/2025,SNBP/SNBT,Sastra Indonesia,475000,975000,2550000,3350000,4975000,5475000,6025000,7728000,7885000,,
UNS,S1,2024/2025,SNBP/SNBT,Sastra Inggris,475000,975000,2850000,3600000,4975000,5475000,6025000,7728000,8214000,,
UNS,S1,2024/2025,SNBP/SNBT,Seni Rupa Murni,475000,975000,2550000,3350000,4975000,5475000,6025000,8739000,9613000,,
UNS,S1,2024/2025,SNBP/SNBT,Sosiologi,475000,975000,2875000,3375000,4975000,5475000,6025000,6716000,7885000,,
UNS,S1,2024/2025,SNBP/SNBT,Statistika,475000,975000,3475000,4975000,5475000,6025000,6630000,9169000,12826000,,
UNS,S1,2024/2025,SNBP/SNBT,Teknik Elektro,475000,975000,2975000,4975000,5975000,6575000,7235000,10339000,15711000,,
UNS,S1,2024/2025,SNBP/SNBT,Teknik Industri,475000,975000,2975000,4975000,5975000,6575000,7235000,10117000,15711000,,
UNS,S1,2024/2025,SNBP/SNBT,Teknik Kimia,475000,975000,2975000,4975000,5975000,6575000,7235000,10117000,11980000,,
UNS,S1,2024/2025,SNBP/SNBT,Teknik Mesin,475000,975000,2975000,4975000,5975000,6575000,7235000,12110000,15711000,,
UNS,S1,2024/2025,SNBP/SNBT,Teknik Sipil,475000,975000,2975000,4975000,5975000,6575000,7235000,11203000,14081000,,
UNS,S1,2024/2025,SNBP/SNBT,Teknologi Pendidikan,475000,975000,3675000,4375000,4975000,5775000,6375000,6475000,7348000,,
UNJ,D3,2023/2024,SNBP/SNBT,Administrasi Perkantoran / (STr) Administrasi Perkantoran Digital,500000,1000000,4100000,4300000,4600000,4850000,5560000,6400000,,,
UNJ,D3,2023/2024,SNBP/SNBT,Akuntansi / (STr) Akuntansi Sektor Publik,500000,1000000,4100000,4300000,4600000,4850000,5560000,6400000,,,
UNJ,D3,2023/2024,SNBP/SNBT,Hubungan Masyarakat / (STr) Hubungan Masyarakat dan Komunikasi Digital,500000,1000000,4650000,4800000,5000000,5300000,5800000,6200000,,,
UNJ,D3,2023/2024,SNBP/SNBT,Manajemen Pemasaran / (STr) Pemasaran Digital,500000,1000000,4100000,4300000,4700000,4960000,5560000,6700000,,,
UNJ,D3,2023/2024,SNBP/SNBT,Perjalanan Wisata / (STr) Usaha Perjalanan Wisata,500000,1000000,4800000,5000000,5100000,5600000,6160000,7100000,,,
UNJ,D3,2023/2024,SNBP/SNBT,Tata Boga / (STr) Seni Kuliner dan Pengolahan Jasa Makanan,500000,1000000,4300000,4800000,5300000,5500000,5900000,6400000,,,
UNJ,D3,2023/2024,SNBP/SNBT,Tata Busana / (STr) Desain Mode,500000,1000000,4300000,4800000,5300000,5500000,5900000,6400000,,,
UNJ,D3,2023/2024,SNBP/SNBT,Tata Rias / (STr) Kosmetik dan Perawatan Kecantikan,500000,1000000,4300000,4800000,5300000,5500000,5900000,6400000,,,
UNJ,D3,2023/2024,SNBP/SNBT,Teknik Elektronika / (STr) Teknologi Rekayasa Otomasi,500000,1000000,4300000,4800000,5300000,6600000,8000000,9300000,,,
UNJ,D3,2023/2024,SNBP/SNBT,Teknik Mesin / (STr) Teknologi Rekayasa Manufaktur,500000,1000000,4300000,4800000,5300000,6400000,7600000,8800000,,,
UNJ,D3,2023/2024,SNBP/SNBT,Teknik Sipil / (STr) Teknologi Rekayasa Konstruksi Bangunan Gedung,500000,1000000,4300000,4800000,5300000,6900000,8600000,10300000,,,
UNJ,D3,2023/2024,SNBP/SNBT,Transportasi / (STr) Manajemen Pelabuhan dan Logistik Maritim,500000,1000000,4300000,4800000,5300000,6500000,7800000,9100000,,,
UNJ,S1,2023/2024,SNBP/SNBT,Akuntansi,500000,1000000,4900000,5500000,6100000,7200000,8400000,,,
UNJ,S1,2023/2024,SNBP/SNBT,Bimbingan dan Konseling,500000,1000000,3900000,4500000,5100000,5800000,6400000,,,
UNJ,S1,2023/2024,SNBP/SNBT,Biologi,500000,1000000,4650000,5250000,6250000,8000000,10000000,,,
UNJ,S1,2023/2024,SNBP/SNBT,Bisnis Digital,500000,1000000,6000000,7100000,8500000,10500000,12000000,,,
UNJ,S1,2023/2024,SNBP/SNBT,Fisika,500000,1000000,4500000,5200000,6200000,8000000,10000000,,,
UNJ,S1,2023/2024,SNBP/SNBT,Geografi,500000,1000000,5800000,6300000,6800000,7300000,8300000,,,
UNJ,S1,2023/2024,SNBP/SNBT,Ilmu Keolahragaan,500000,1000000,4300000,5400000,6500000,7600000,8600000,,,
UNJ,S1,2023/2024,SNBP/SNBT,Ilmu Komputer,500000,1000000,4500000,5200000,6200000,8000000,8800000,,,
UNJ,S1,2023/2024,SNBP/SNBT,Ilmu Komunikasi,500000,1000000,5200000,5900000,6200000,,,,
UNJ,S1,2023/2024,SNBP/SNBT,Kepelatihan Kecabangan Olahraga,500000,1000000,4300000,5300000,6000000,,,,
UNJ,S1,2023/2024,SNBP/SNBT,Kimia,500000,1000000,4650000,5250000,6250000,8000000,10000000,,,
UNJ,S1,2023/2024,SNBP/SNBT,Manajemen,500000,1000000,4500000,5000000,5400000,5800000,6400000,,,
UNJ,S1,2023/2024,SNBP/SNBT,Manajemen Pendidikan,500000,1000000,4300000,4700000,5300000,6000000,6700000,,,
UNJ,S1,2023/2024,SNBP/SNBT,Matematika,500000,1000000,4500000,5200000,6200000,8000000,9000000,,,
UNJ,S1,2023/2024,SNBP/SNBT,Olahraga Rekreasi,500000,1000000,4300000,5400000,6500000,7600000,8600000,,,
UNJ,S1,2023/2024,SNBP/SNBT,Pendidikan Administrasi Perkantoran,500000,1000000,3100000,4050000,5000000,5500000,6000000,6400000,,,
UNJ,S1,2023/2024,SNBP/SNBT,Pendidikan Agama Islam,500000,1000000,3100000,3700000,5000000,5600000,5800000,6400000,,,
UNJ,S1,2023/2024,SNBP/SNBT,Pendidikan Akuntansi,500000,1000000,3100000,3550000,4100000,4900000,5700000,6300000,,,
UNJ,S1,2023/2024,SNBP/SNBT,Pendidikan Bahasa Arab,500000,1000000,3900000,4500000,5200000,5900000,6100000,6400000,,,
UNJ,S1,2023/2024,SNBP/SNBT,Pendidikan Bahasa dan Sastra Indonesia,500000,1000000,4000000,4700000,5400000,6000000,6400000,6700000,,,
UNJ,S1,2023/2024,SNBP/SNBT,Pendidikan Bahasa Inggris,500000,1000000,3900000,4500000,5200000,5900000,6100000,6400000,,,
UNJ,S1,2023/2024,SNBP/SNBT,Pendidikan Bahasa Jepang,500000,1000000,3700000,4300000,5000000,5600000,5900000,6200000,,,
UNJ,S1,2023/2024,SNBP/SNBT,Pendidikan Bahasa Jerman,500000,1000000,3700000,4300000,5000000,5600000,5900000,6200000,,,
UNJ,S1,2023/2024,SNBP/SNBT,Pendidikan Bahasa Mandarin,500000,1000000,3700000,4300000,5000000,5600000,5900000,6200000,,,
UNJ,S1,2023/2024,SNBP/SNBT,Pendidikan Bahasa Perancis,500000,1000000,3900000,4500000,5200000,5900000,6100000,6400000,,,
UNJ,S1,2023/2024,SNBP/SNBT,Pendidikan Biologi,500000,1000000,3950000,4500000,5200000,6200000,7500000,9000000,,,
UNJ,S1,2023/2024,SNBP/SNBT,Pendidikan Bisnis,500000,1000000,3100000,3550000,4100000,4900000,5700000,6400000,,,
UNJ,S1,2023/2024,SNBP/SNBT,Pendidikan Ekonomi,500000,1000000,3100000,3550000,4100000,4900000,5700000,6300000,,,
UNJ,S1,2023/2024,SNBP/SNBT,Pendidikan Fisika,500000,1000000,3800000,4300000,5000000,6000000,7000000,9000000,,,
UNJ,S1,2023/2024,SNBP/SNBT,Pendidikan Geografi,500000,1000000,3100000,3700000,4500000,5000000,5500000,6400000,,,
UNJ,S1,2023/2024,SNBP/SNBT,Pendidikan Guru Pendidikan Anak Usia Dini,500000,1000000,3100000,3900000,4500000,5100000,5800000,6400000,,,
UNJ,S1,2023/2024,SNBP/SNBT,Pendidikan Guru Sekolah Dasar,500000,1000000,3100000,3900000,4500000,5100000,5800000,6400000,,,
UNJ,S1,2023/2024,SNBP/SNBT,Pendidikan IPS,500000,1000000,3100000,3700000,4500000,5000000,5500000,6200000,,,
UNJ,S1,2023/2024,SNBP/SNBT,Pendidikan Teknik Informatika dan Komputer,500000,1000000,4100000,4600000,5200000,6000000,7700000,9300000,,,
UNJ,S1,2023/2024,SNBP/SNBT,Pendidikan Jasmani Kesehatan dan Rekreasi,500000,1000000,3000000,3400000,4000000,4700000,5400000,5700000,,,
UNJ,S1,2023/2024,SNBP/SNBT,Pendidikan Kepelatihan Olahraga,500000,1000000,3000000,3400000,4000000,4700000,5400000,5700000,,,
UNJ,S1,2023/2024,SNBP/SNBT,Pendidikan Luar Biasa,500000,1000000,3000000,3900000,4500000,5100000,5800000,6400000,,,
UNJ,S1,2023/2024,SNBP/SNBT,Pendidikan Kimia,500000,1000000,4500000,5200000,6200000,7500000,9000000,,,
UNJ,S1,2023/2024,SNBP/SNBT,Pendidikan Luar Sekolah,500000,1000000,4000000,4700000,5300000,6000000,6700000,,,
UNJ,S1,2023/2024,SNBP/SNBT,Pendidikan Matematika,500000,1000000,3800000,4300000,5000000,6000000,7000000,9000000,,,
UNJ,S1,2023/2024,SNBP/SNBT,Pendidikan Musik,500000,1000000,3900000,4600000,5200000,6700000,7100000,7400000,,,
UNJ,S1,2023/2024,SNBP/SNBT,Pendidikan Pancasila dan Kewarganegaraan,500000,1000000,3700000,4500000,5000000,5700000,6700000,,,
UNJ,S1,2023/2024,SNBP/SNBT,Pendidikan Sejarah,500000,1000000,3700000,4500000,5000000,5700000,6700000,,,
UNJ,S1,2023/2024,SNBP/SNBT,Pendidikan Seni Rupa,500000,1000000,5200000,5900000,6700000,7100000,7400000,,,
UNJ,S1,2023/2024,SNBP/SNBT,Pendidikan Sosiologi,500000,1000000,3700000,4500000,5000000,5500000,6400000,,,
UNJ,S1,2023/2024,SNBP/SNBT,Pendidikan Tari,500000,1000000,4500000,5200000,5900000,6700000,7100000,7400000,,,
UNJ,S1,2023/2024,SNBP/SNBT,Pendidikan Tata Busana,500000,1000000,4600000,5200000,6200000,8100000,10100000,,,
UNJ,S1,2023/2024,SNBP/SNBT,Pendidikan Kesejahteraan Keluarga,500000,1000000,4600000,5200000,6000000,7700000,9300000,,,
UNJ,S1,2023/2024,SNBP/SNBT,Pendidikan Teknik Bangunan,500000,1000000,4600000,5200000,6100000,7900000,9700000,,,
UNJ,S1,2023/2024,SNBP/SNBT,Pendidikan Tata Boga,500000,1000000,4600000,5200000,6200000,8100000,10100000,,,
UNJ,S1,2023/2024,SNBP/SNBT,Pendidikan Tata Rias,500000,1000000,4600000,5200000,6200000,8100000,10100000,,,
UNJ,S1,2023/2024,SNBP/SNBT,Pendidikan Teknik Elektro,500000,1000000,4600000,5200000,6100000,7900000,9700000,,,
UNJ,S1,2023/2024,SNBP/SNBT,Pendidikan Teknik Elektronika,500000,1000000,4600000,5200000,6000000,7700000,9300000,,,
UNJ,S1,2023/2024,SNBP/SNBT,Pendidikan Teknik Mesin,500000,1000000,4100000,4600000,5200000,6100000,7900000,9700000,,,
UNJ,S1,2023/2024,SNBP/SNBT,Perpustakaan dan Sains Informasi,500000,1000000,4100000,4600000,5200000,6000000,7700000,9300000,,,
UNJ,S1,2023/2024,SNBP/SNBT,Psikologi,500000,1000000,4000000,6200000,7200000,9300000,10300000,,,
UNJ,S1,2023/2024,SNBP/SNBT,Rekayasa Keselamatan Kebakaran,500000,1000000,4100000,4600000,5200000,6100000,7900000,9700000,,,
UNJ,S1,2023/2024,SNBP/SNBT,Sastra Indonesia,500000,1000000,4500000,5500000,6900000,7400000,7700000,,,
UNJ,S1,2023/2024,SNBP/SNBT,Sastra Inggris,500000,1000000,4500000,5200000,5900000,6700000,7100000,7400000,,,
UNJ,S1,2023/2024,SNBP/SNBT,Sistem dan Teknologi Informasi,500000,1000000,4600000,5200000,6000000,7700000,9300000,,,
UNJ,S1,2023/2024,SNBP/SNBT,Sosiologi,500000,1000000,3100000,3700000,4500000,5000000,5600000,6400000,,,
UNJ,S1,2023/2024,SNBP/SNBT,Statistika,500000,1000000,4600000,5300000,6300000,7300000,8300000,9300000,,,
UNJ,S1,2023/2024,SNBP/SNBT,Teknik Mesin,500000,1000000,4100000,4600000,5200000,6100000,7900000,9700000,,,
UNJ,S1,2023/2024,SNBP/SNBT,Teknologi Pendidikan,500000,1000000,3700000,4300000,5000000,5300000,6000000,,,
UPN Veteran Jakarta,D3,2023/2024,SNBP/SNBT,Keuangan dan Perbankan,500000,1000000,2500000,3300000,4100000,4900000,5700000,6400000,,,
UPN Veteran Jakarta,D3,2023/2024,SNBP/SNBT,Akuntansi,500000,1000000,2500000,3300000,4100000,4900000,5700000,6400000,,,
UPN Veteran Jakarta,S1,2023/2024,SNBP/SNBT,Manajemen,500000,1000000,2500000,3300000,4100000,4900000,5700000,6400000,,,
UPN Veteran Jakarta,S1,2023/2024,SNBP/SNBT,Akuntansi,500000,1000000,2500000,3500000,4500000,5500000,6500000,7400000,,,
UPN Veteran Jakarta,S1,2023/2024,SNBP/SNBT,Ekonomi Pembangunan,500000,1000000,2500000,3300000,4100000,4900000,5700000,6400000,,,
UPN Veteran Jakarta,S1,2023/2024,SNBP/SNBT,Ekonomi Syariah,500000,1000000,2500000,3300000,4100000,4900000,5700000,6400000,,,
UPN Veteran Jakarta,S1,2023/2024,SNBP/SNBT,Kedokteran,500000,1000000,9300000,12300000,15300000,18300000,20300000,22300000,,,
UPN Veteran Jakarta,S1,2023/2024,SNBP/SNBT,Farmasi,500000,1000000,2500000,4000000,5500000,7000000,8500000,10000000,,,
UPN Veteran Jakarta,S1,2023/2024,SNBP/SNBT,Teknik Mesin,500000,1000000,4000000,5100000,6100000,7100000,8100000,9100000,,,
UPN Veteran Jakarta,S1,2023/2024,SNBP/SNBT,Teknik Industri,500000,1000000,4000000,5100000,6100000,7100000,8100000,9100000,,,
UPN Veteran Jakarta,S1,2023/2024,SNBP/SNBT,Teknik Perkapalan,500000,1000000,4000000,5100000,6100000,7100000,8100000,9100000,,,
UPN Veteran Jakarta,S1,2023/2024,SNBP/SNBT,Teknik Elektro,500000,1000000,4000000,5100000,6100000,7100000,8100000,9100000,,,
UPN Veteran Jakarta,S1,2023/2024,SNBP/SNBT,Ilmu Komunikasi,500000,1000000,2500000,3300000,4100000,4900000,5700000,6400000,,,
UPN Veteran Jakarta,S1,2023/2024,SNBP/SNBT,Hubungan Internasional,500000,1000000,2500000,3300000,4100000,4900000,5700000,6400000,,,
UPN Veteran Jakarta,S1,2023/2024,SNBP/SNBT,Ilmu Politik,500000,1000000,2500000,3300000,4100000,4900000,5700000,6202000,,,
UPN Veteran Jakarta,S1,2023/2024,SNBP/SNBT,Sains Informasi,500000,1000000,2500000,3500000,4500000,5500000,6500000,7500000,,,
UPN Veteran Jakarta,S1,2023/2024,SNBP/SNBT,"Kajian Film, Televisi, dan Media",500000,1000000,2500000,3500000,4500000,5500000,6500000,7500000,,,
UPN Veteran Jakarta,S1,2023/2024,SNBP/SNBT,Informatika,500000,1000000,4000000,5100000,6100000,7100000,8100000,9100000,,,
UPN Veteran Jakarta,S1,2023/2024,SNBP/SNBT,Sistem Informasi,500000,1000000,4000000,5100000,6100000,7100000,8100000,9100000,,,
UPN Veteran Jakarta,D3,2023/2024,SNBP/SNBT,Sistem Informasi,500000,1000000,2500000,3300000,4100000,4900000,5700000,6400000,,,
UPN Veteran Jakarta,S1,2023/2024,SNBP/SNBT,Sains Data,500000,1000000,4000000,5100000,6100000,7100000,8100000,9100000,,,
UPN Veteran Jakarta,S1,2023/2024,SNBP/SNBT,Hukum,500000,1000000,2500000,3300000,4100000,4900000,5700000,6400000,,,
UPN Veteran Jakarta,S1,2023/2024,SNBP/SNBT,Keperawatan,500000,1000000,3500000,4400000,5300000,6200000,7100000,8000000,,,
UPN Veteran Jakarta,S1,2023/2024,SNBP/SNBT,Kesehatan Masyarakat,500000,1000000,3500000,4400000,4900000,5800000,6700000,7600000,,,
UPN Veteran Jakarta,S1,2023/2024,SNBP/SNBT,Gizi,500000,1000000,3000000,4000000,5000000,6000000,7000000,7700000,,,
UPN Veteran Jakarta,S1,2023/2024,SNBP/SNBT,Fisioterapi,500000,1000000,3700000,4700000,5700000,6700000,7700000,8700000,,,
UPN Veteran Jakarta,D3,2023/2024,SNBP/SNBT,Keperawatan,500000,1000000,2500000,3500000,4500000,5500000,6500000,7300000,,,
UPN Veteran Jakarta,D3,2023/2024,SNBP/SNBT,Fisioterapi,500000,1000000,2500000,3400000,4300000,5200000,6100000,7000000,,,
UNNES,S1,2024/2025,SNBP/SNBT,Bimbingan dan Konseling,500000,1000000,3000000,4100000,5200000,5900000,6500000,,,,
UNNES,S1,2024/2025,SNBP/SNBT,Pendidikan Guru Pendidikan Anak Usia Dini (PG-PAUD),500000,1000000,2500000,3500000,4500000,5100000,5700000,,,,
UNNES,S1,2024/2025,SNBP/SNBT,Pendidikan Guru Sekolah Dasar (PGSD),500000,1000000,3100000,4200000,5300000,5750000,6400000,,,,
UNNES,S1,2024/2025,SNBP/SNBT,Pendidikan Luar Sekolah,500000,1000000,2500000,3500000,4500000,5100000,5700000,,,,
UNNES,S1,2024/2025,SNBP/SNBT,Psikologi,500000,1000000,2900000,3900000,4900000,5500000,6000000,,,,
UNNES,S1,2024/2025,SNBP/SNBT,Teknologi Pendidikan,500000,1000000,2500000,3500000,4500000,5200000,5800000,,,,
UNNES,D3,2024/2025,SNBP/SNBT,Desain Komunikasi Visual,500000,1000000,2400000,3300000,4900000,6000000,7200000,,,,
UNNES,S1,2024/2025,SNBP/SNBT,Pendidikan Bahasa Arab,500000,1000000,2750000,3850000,4900000,6000000,6400000,,,,
UNNES,S1,2024/2025,SNBP/SNBT,Pendidikan Bahasa dan Sastra Jawa,500000,1000000,2750000,3850000,4900000,6000000,6400000,,,,
UNNES,S1,2024/2025,SNBP/SNBT,Pendidikan Bahasa Inggris,500000,1000000,3250000,4200000,4900000,6000000,6400000,,,,
UNNES,S1,2024/2025,SNBP/SNBT,Pendidikan Bahasa Jepang,500000,1000000,2750000,3850000,4900000,6000000,6400000,,,,
UNNES,S1,2024/2025,SNBP/SNBT,Pendidikan Bahasa Mandarin,500000,1000000,2750000,3850000,4900000,6000000,6200000,,,,
UNNES,S1,2024/2025,SNBP/SNBT,Pendidikan Bahasa Prancis,500000,1000000,2750000,3850000,4900000,6000000,6400000,,,,
UNNES,S1,2024/2025,SNBP/SNBT,"Pendidikan Bahasa, Sastra Indonesia, dan Bahasa Daerah",500000,1000000,3250000,4200000,5300000,6000000,6700000,,,,
UNNES,S1,2024/2025,SNBP/SNBT,Pendidikan Seni Rupa,500000,1000000,2750000,3850000,4900000,6000000,7000000,,,,
UNNES,S1,2024/2025,SNBP/SNBT,Pendidikan Sendratasik,500000,1000000,2750000,3850000,4900000,6000000,7000000,,,,
UNNES,S1,2024/2025,SNBP/SNBT,Sastra Indonesia,500000,1000000,2750000,3850000,4900000,6000000,7000000,,,,
UNNES,S1,2024/2025,SNBP/SNBT,Sastra Inggris,500000,1000000,2750000,3850000,4900000,6000000,7000000,,,,
UNNES,S1,2024/2025,SNBP/SNBT,Sastra Jawa,500000,1000000,2100000,3200000,4400000,5500000,6300000,,,,
UNNES,S1,2024/2025,SNBP/SNBT,Sastra Prancis,500000,1000000,2100000,3200000,4400000,5500000,6300000,,,,
UNNES,S1,2024/2025,SNBP/SNBT,Seni Rupa Murni,500000,1000000,2750000,3850000,4900000,6000000,7500000,,,,
UNNES,S1,2024/2025,SNBP/SNBT,Geografi,500000,1000000,3500000,4500000,5500000,6500000,7500000,,,,
UNNES,S1,2024/2025,SNBP/SNBT,Ilmu Politik,500000,1000000,3000000,4000000,5000000,5750000,6200000,,,,
UNNES,S1,2024/2025,SNBP/SNBT,Ilmu Sejarah,500000,1000000,2750000,3750000,4750000,5750000,6200000,,,,
UNNES,S1,2024/2025,SNBP/SNBT,Pendidikan Geografi,500000,1000000,3250000,4250000,5250000,6250000,6700000,,,,
UNNES,S1,2024/2025,SNBP/SNBT,Pendidikan Ilmu Pengetahuan Sosial,500000,1000000,3250000,4250000,5250000,5750000,6200000,,,,
UNNES,S1,2024/2025,SNBP/SNBT,Pendidikan Pancasila Kewarganegaraan,500000,1000000,2850000,3850000,4850000,5850000,6600000,,,,
UNNES,S1,2024/2025,SNBP/SNBT,Pendidikan Sejarah,500000,1000000,2750000,3750000,4750000,5750000,6500000,,,,
UNNES,S1,2024/2025,SNBP/SNBT,Pendidikan Sosiologi dan Antropologi,500000,1000000,3250000,4250000,5250000,5750000,6700000,,,,
UNNES,S1,2024/2025,SNBP/SNBT,Ilmu Komunikasi,500000,1000000,3000000,4000000,5000000,5750000,6200000,,,,
UNNES,D3,2024/2025,SNBP/SNBT,Statistika (Staterkom),500000,1000000,3000000,4000000,5000000,6500000,7500000,,,,
UNNES,S1,2024/2025,SNBP/SNBT,Biologi,500000,1000000,3500000,4500000,5500000,6500000,7500000,,,,
UNNES,S1,2024/2025,SNBP/SNBT,Fisika,500000,1000000,3500000,4500000,5500000,6500000,7500000,,,,
UNNES,S1,2024/2025,SNBP/SNBT,Kimia,500000,1000000,3500000,4500000,5500000,6500000,7500000,,,,
UNNES,S1,2024/2025,SNBP/SNBT,Matematika,500000,1000000,3500000,4500000,5500000,6500000,7500000,,,,
UNNES,S1,2024/2025,SNBP/SNBT,Pendidikan Biologi,500000,1000000,3500000,4500000,5500000,6500000,7500000,,,,
UNNES,S1,2024/2025,SNBP/SNBT,Pendidikan Fisika,500000,1000000,3500000,4500000,5500000,6500000,7500000,,,,
UNNES,S1,2024/2025,SNBP/SNBT,Pendidikan Ilmu Pengetahuan Alam,500000,1000000,3500000,4500000,5500000,6500000,7500000,,,,
UNNES,S1,2024/2025,SNBP/SNBT,Pendidikan Kimia,500000,1000000,3500000,4500000,5500000,6500000,7500000,,,,
UNNES,S1,2024/2025,SNBP/SNBT,Pendidikan Matematika,500000,1000000,3500000,4500000,5500000,6500000,7500000,,,,
UNNES,S1,2024/2025,SNBP/SNBT,Teknik Informatika,500000,1000000,3500000,4500000,5500000,6500000,7500000,,,,
UNNES,S1,2024/2025,SNBP/SNBT,Sistem Informasi,500000,1000000,3500000,4500000,5500000,6500000,7500000,,,,
UNNES,S1,2024/2025,SNBP/SNBT,Ilmu Lingkungan,500000,1000000,3500000,4500000,5500000,6500000,7500000,,,,
UNNES,S1,2024/2025,SNBP/SNBT,Statistik dan Sains Data,500000,1000000,3500000,4500000,5500000,6500000,7500000,,,,
UNNES,S1,2024/2025,SNBP/SNBT,Teknik Komputer,500000,1000000,3300000,4400000,5500000,7150000,8250000,,,,
UNNES,S1,2024/2025,SNBP/SNBT,Pendidikan Kesejahteraan Keluarga,500000,1000000,3300000,4400000,5500000,7000000,8000000,,,,
UNNES,S1,2024/2025,SNBP/SNBT,Pendidikan Tata Boga,500000,1000000,3300000,4400000,5500000,7000000,8000000,,,,
UNNES,S1,2024/2025,SNBP/SNBT,Pendidikan Tata Busana,500000,1000000,3300000,4400000,5500000,7000000,8000000,,,,
UNNES,S1,2024/2025,SNBP/SNBT,Pendidikan Tata Kecantikan,500000,1000000,3300000,4400000,5500000,7000000,8000000,,,,
UNNES,S1,2024/2025,SNBP/SNBT,Pendidikan Teknik Bangunan,500000,1000000,3300000,4400000,5500000,7000000,8000000,,,,
UNNES,S1,2024/2025,SNBP/SNBT,Pendidikan Teknik Elektro,500000,1000000,3300000,4400000,5500000,7000000,8000000,,,,
UNNES,S1,2024/2025,SNBP/SNBT,Pendidikan Teknik Informatika dan Komputer,500000,1000000,3300000,4400000,5500000,7000000,8000000,,,,
UNNES,S1,2024/2025,SNBP/SNBT,Pendidikan Teknik Mesin,500000,1000000,3300000,4400000,5500000,7000000,8000000,,,,
UNNES,S1,2024/2025,SNBP/SNBT,Pendidikan Teknik Otomotif,500000,1000000,3300000,4400000,5500000,7000000,8000000,,,,
UNNES,S1,2024/2025,SNBP/SNBT,Arsitektur,500000,1000000,3300000,4400000,5500000,7150000,8250000,,,,
UNNES,S1,2024/2025,SNBP/SNBT,Teknik Kimia,500000,1000000,3300000,4400000,5500000,7150000,8250000,,,,
UNNES,S1,2024/2025,SNBP/SNBT,Teknik Mesin,500000,1000000,3300000,4400000,5500000,7150000,8250000,,,,
UNNES,S1,2024/2025,SNBP/SNBT,Teknik Sipil,500000,1000000,3300000,4400000,5500000,7150000,8250000,,,,
UNNES,S1,2024/2025,SNBP/SNBT,Teknik Elektro,500000,1000000,3300000,4400000,5500000,7150000,8250000,,,,
UNNES,S1,2024/2025,SNBP/SNBT,Ilmu Keolahragaan,500000,1000000,3300000,4100000,5350000,5800000,6900000,,,,
UNNES,S1,2024/2025,SNBP/SNBT,"Pendidikan Jasmani, Kesehatan dan Rekreasi",500000,1000000,3300000,4300000,5400000,5800000,6700000,,,,
UNNES,S1,2024/2025,SNBP/SNBT,Pendidikan Jasmani Sekolah Dasar,500000,1000000,3300000,4300000,5400000,5800000,6472000,,,,
UNNES,S1,2024/2025,SNBP/SNBT,Pendidikan Kepelatihan Olahraga,500000,1000000,3300000,4100000,5350000,5800000,6741000,,,,
UNNES,S1,2024/2025,SNBP/SNBT,Akuntansi,500000,1000000,3000000,4100000,5100000,5800000,6400000,,,,
UNNES,S1,2024/2025,SNBP/SNBT,Ekonomi Pembangunan,500000,1000000,3000000,4100000,5100000,5800000,6400000,,,,
UNNES,S1,2024/2025,SNBP/SNBT,Manajemen,500000,1000000,3000000,4100000,5100000,5800000,6400000,,,,
UNNES,S1,2024/2025,SNBP/SNBT,Pendidikan Ekonomi,500000,1000000,3000000,4100000,5100000,5800000,6400000,,,,
UNNES,S1,2024/2025,SNBP/SNBT,Pendidikan Akuntansi,500000,1000000,3000000,4100000,5100000,5800000,6400000,,,,
UNNES,S1,2024/2025,SNBP/SNBT,Pendidikan Administrasi Perkantoran,500000,1000000,3000000,4100000,5100000,5800000,6400000,,,,
UNNES,S1,2024/2025,SNBP/SNBT,Ekonomi dan Keuangan Islam,500000,1000000,3000000,4100000,5100000,5800000,6400000,,,,
UNNES,S1,2024/2025,SNBP/SNBT,Ilmu Hukum,500000,1000000,3250000,4250000,5250000,6000000,6400000,,,,
UNNES,S1,2024/2025,SNBP/SNBT,Farmasi,500000,1000000,3500000,4500000,5500000,6500000,7500000,,,,
UNNES,S1,2024/2025,SNBP/SNBT,Kesehatan Masyarakat,500000,1000000,3300000,4300000,5400000,5800000,6900000,,,,
UNNES,S1,2024/2025,SNBP/SNBT,Gizi,500000,1000000,3300000,4300000,5400000,5800000,6900000,,,,
UNNES,S1,2024/2025,SNBP/SNBT,Kedokteran,500000,1000000,5500000,11000000,15000000,20000000,22000000,,,,
UNY,S1,2025/2026,SNBP/SNBT,Bimbingan dan Konseling,500000,1000000,2400000,3145000,3630000,4235000,4940000,5950000,,,
UNY,S1,2025/2026,SNBP/SNBT,Kebijakan Pendidikan,500000,1000000,2400000,3145000,3630000,4235000,4940000,5950000,,,
UNY,S1,2025/2026,SNBP/SNBT,Manajemen Pendidikan,500000,1000000,2400000,3145000,3630000,4235000,4940000,5950000,,,
UNY,S1,2025/2026,SNBP/SNBT,Pendidikan Guru Pendidikan Anak Usia Dini,500000,1000000,2400000,3145000,3630000,4235000,4940000,5950000,,,
UNY,S1,2025/2026,SNBP/SNBT,Pendidikan Guru Sekolah Dasar,500000,1000000,2400000,3630000,4235000,4840000,5645000,6800000,,,
UNY,S1,2025/2026,SNBP/SNBT,Pendidikan Luar Sekolah,500000,1000000,2400000,3145000,3630000,4235000,4940000,5950000,,,
UNY,S1,2025/2026,SNBP/SNBT,Pendidikan Luar Biasa,500000,1000000,2400000,3145000,3630000,4235000,4940000,5950000,,,
UNY,S1,2025/2026,SNBP/SNBT,Teknologi Pendidikan,500000,1000000,2400000,3145000,3630000,4235000,4940000,5950000,,,
UNY,S1,2025/2026,SNBP/SNBT,Pendidikan Bahasa dan Sastra Indonesia,500000,1000000,2400000,3145000,3630000,4235000,4940000,5950000,,,
UNY,S1,2025/2026,SNBP/SNBT,Pendidikan Bahasa Inggris,500000,1000000,2400000,3145000,3630000,4235000,4940000,5950000,,,
UNY,S1,2025/2026,SNBP/SNBT,Pendidikan Bahasa Jerman,500000,1000000,2400000,3145000,3630000,4235000,4940000,5950000,,,
UNY,S1,2025/2026,SNBP/SNBT,Pendidikan Bahasa Perancis,500000,1000000,2400000,3145000,3630000,4235000,4940000,5950000,,,
UNY,S1,2025/2026,SNBP/SNBT,Pendidikan Bahasa Jawa,500000,1000000,2400000,3145000,3630000,4235000,4940000,5950000,,,
UNY,S1,2025/2026,SNBP/SNBT,Pendidikan Seni Rupa,500000,1000000,2400000,3630000,4235000,4840000,5645000,6800000,,,
UNY,S1,2025/2026,SNBP/SNBT,Pend. Seni Kerajinan (Pend. Kriya),500000,1000000,2400000,3630000,4235000,4840000,5645000,6800000,,,
UNY,S1,2025/2026,SNBP/SNBT,Pendidikan Seni Musik,500000,1000000,2400000,3630000,4235000,4840000,5645000,6800000,,,
UNY,S1,2025/2026,SNBP/SNBT,Pendidikan Seni Tari,500000,1000000,2400000,3630000,4235000,4840000,5645000,6800000,,,
UNY,S1,2025/2026,SNBP/SNBT,Sastra Indonesia,500000,1000000,2400000,3145000,3630000,4235000,4940000,5950000,,,
UNY,S1,2025/2026,SNBP/SNBT,Sastra Inggris,500000,1000000,2400000,3145000,3630000,4235000,4940000,5950000,,,
UNY,S1,2025/2026,SNBP/SNBT,Desain Komunikasi Visual,500000,1000000,2400000,3630000,4235000,4840000,5645000,6800000,,,
UNY,S1,2025/2026,SNBP/SNBT,Biologi,500000,1000000,2400000,3630000,4235000,4840000,5645000,6800000,,,
UNY,S1,2025/2026,SNBP/SNBT,Fisika,500000,1000000,2400000,3630000,4235000,4840000,5645000,6800000,,,
UNY,S1,2025/2026,SNBP/SNBT,Kimia,500000,1000000,2400000,3630000,4235000,4840000,5645000,6800000,,,
UNY,S1,2025/2026,SNBP/SNBT,Matematika,500000,1000000,2400000,3630000,4235000,4840000,5645000,6800000,,,
UNY,S1,2025/2026,SNBP/SNBT,Pendidikan Biologi,500000,1000000,2400000,3630000,4235000,4840000,5645000,6800000,,,
UNY,S1,2025/2026,SNBP/SNBT,Pendidikan Fisika,500000,1000000,2400000,3630000,4235000,4840000,5645000,6800000,,,
UNY,S1,2025/2026,SNBP/SNBT,Pendidikan Kimia,500000,1000000,2400000,3630000,4235000,4840000,5645000,6800000,,,
UNY,S1,2025/2026,SNBP/SNBT,Pendidikan Matematika,500000,1000000,2400000,3630000,4235000,4840000,5645000,6800000,,,
UNY,S1,2025/2026,SNBP/SNBT,Pendidikan IPA,500000,1000000,2400000,3630000,4235000,4840000,5645000,6800000,,,
UNY,S1,2025/2026,SNBP/SNBT,Statistika,500000,1000000,2400000,3630000,4235000,4840000,5645000,6800000,,,
UNY,S1,2025/2026,SNBP/SNBT,Administrasi Publik,500000,1000000,2400000,3145000,3630000,4235000,4940000,5950000,,,
UNY,S1,2025/2026,SNBP/SNBT,Ilmu Komunikasi,500000,1000000,2400000,3145000,3630000,4235000,4940000,5950000,,,
UNY,S1,2025/2026,SNBP/SNBT,Ilmu Sejarah,500000,1000000,2400000,3145000,3630000,4235000,4940000,5950000,,,
UNY,S1,2025/2026,SNBP/SNBT,Pendidikan Geografi,500000,1000000,2400000,3630000,4235000,4840000,5645000,6800000,,,
UNY,S1,2025/2026,SNBP/SNBT,Pendidikan Ilmu Pengetahuan Sosial,500000,1000000,2400000,3145000,3630000,4235000,4940000,5950000,,,
UNY,S1,2025/2026,SNBP/SNBT,Pendidikan Pancasila dan Kewarganegaraan,500000,1000000,2400000,3145000,3630000,4235000,4940000,5950000,,,
UNY,S1,2025/2026,SNBP/SNBT,Pendidikan Sejarah,500000,1000000,2400000,3145000,3630000,4235000,4940000,5950000,,,
UNY,S1,2025/2026,SNBP/SNBT,Pendidikan Sosiologi,500000,1000000,2400000,3145000,3630000,4235000,4940000,5950000,,,
UNY,S1,2025/2026,SNBP/SNBT,Pariwisata,500000,1000000,2400000,3630000,4235000,4840000,5645000,6800000,,,
UNY,S1,2025/2026,SNBP/SNBT,Ilmu Politik,500000,1000000,2400000,3630000,4235000,4840000,5645000,6800000,,,
UNY,S1,2025/2026,SNBP/SNBT,Pendidikan Teknik Elektro,500000,1000000,2400000,4235000,4840000,5445000,6350000,7250000,,,
UNY,S1,2025/2026,SNBP/SNBT,Pendidikan Teknik Elektronika,500000,1000000,2400000,4235000,4840000,5445000,6350000,7250000,,,
UNY,S1,2025/2026,SNBP/SNBT,Pendidikan Teknik Mesin,500000,1000000,2400000,4235000,4840000,5445000,6350000,7250000,,,
UNY,S1,2025/2026,SNBP/SNBT,Pendidikan Teknik Otomotif,500000,1000000,2400000,4235000,4840000,5445000,6350000,7250000,,,
UNY,S1,2025/2026,SNBP/SNBT,Pend. Teknik Sipil & Perencanaan,500000,1000000,2400000,4235000,4840000,5445000,6350000,7250000,,,
UNY,S1,2025/2026,SNBP/SNBT,Pendidikan Teknik Boga,500000,1000000,2400000,4235000,4840000,5445000,6350000,7250000,,,
UNY,S1,2025/2026,SNBP/SNBT,Pendidikan Teknik Busana,500000,1000000,2400000,4235000,4840000,5445000,6350000,7250000,,,
UNY,S1,2025/2026,SNBP/SNBT,Pendidikan Teknik Mekatronika,500000,1000000,2400000,4235000,4840000,5445000,6350000,7250000,,,
UNY,S1,2025/2026,SNBP/SNBT,Pendidikan Teknik Informatika,500000,1000000,2400000,4235000,4840000,5445000,6350000,7250000,,,
UNY,S1,2025/2026,SNBP/SNBT,Teknik Elektro,500000,1000000,2400000,4235000,4840000,5445000,6350000,7250000,,,
UNY,S1,2025/2026,SNBP/SNBT,Teknologi Informasi,500000,1000000,2400000,4235000,4840000,5445000,6350000,7250000,,,
UNY,S1,2025/2026,SNBP/SNBT,Teknik Manufaktur,500000,1000000,2400000,4235000,4840000,5445000,6350000,7250000,,,
UNY,S1,2025/2026,SNBP/SNBT,Teknik Sipil,500000,1000000,2400000,4235000,4840000,5445000,6350000,7250000,,,
UNY,S1,2025/2026,SNBP/SNBT,Teknik Industri,500000,1000000,2400000,4235000,4840000,5445000,6350000,7250000,,,
UNY,S1,2025/2026,SNBP/SNBT,Arsitektur,500000,1000000,2400000,4235000,4840000,5445000,6350000,7250000,,,
UNY,S1,2025/2026,SNBP/SNBT,PJKR,500000,1000000,2400000,3630000,4235000,4840000,5645000,6800000,,,
UNY,S1,2025/2026,SNBP/SNBT,Pend. Kepelatihan Olahraga,500000,1000000,2400000,3630000,4235000,4840000,5645000,6800000,,,
UNY,S1,2025/2026,SNBP/SNBT,Ilmu Keolahragaan,500000,1000000,2400000,3630000,4235000,4840000,5645000,6800000,,,
UNY,S1,2025/2026,SNBP/SNBT,Pend. Jasmani Sekolah Dasar,500000,1000000,2400000,3630000,4235000,4840000,5645000,6800000,,,
UNY,S1,2025/2026,SNBP/SNBT,Pendidikan Administrasi Perkantoran,500000,1000000,2400000,3145000,3630000,4235000,4940000,5950000
UNY,S1,2025/2026,SNBP/SNBT,Pendidikan Akuntansi,500000,1000000,2400000,3145000,3630000,4235000,4940000,5950000
UNY,S1,2025/2026,SNBP/SNBT,Pendidikan Ekonomi,500000,1000000,2400000,3145000,3630000,4235000,4940000,5950000
UNY,S1,2025/2026,SNBP/SNBT,Manajemen,500000,1000000,2400000,3145000,3630000,4235000,4940000,5950000
UNY,S1,2025/2026,SNBP/SNBT,Akuntansi,500000,1000000,2400000,3145000,3630000,4235000,4940000,5950000
UNY,S1,2025/2026,SNBP/SNBT,Kedokteran new,500000,1000000,8000000,17500000,22500000,25000000,27500000,30000000,,,
UNY,S1,2025/2026,SNBP/SNBT,Psikologi,500000,1000000,2400000,3145000,3630000,4235000,4940000,5950000,,,
UNY,S1,2025/2026,SNBP/SNBT,Ilmu Hukum new,500000,1000000,2400000,3630000,4235000,4840000,5645000,6800000,,,
UNSOED,S1,2024/2025,SNBP/SNBT,AGROTEKNOLOGI,2400000,2600000,2900000,3400000,3900000,6200000,,,,,
UNSOED,S1,2024/2025,SNBP/SNBT,TEKNOLOGI PANGAN,2400000,2600000,2900000,3400000,3900000,5600000,,,,,
UNSOED,S1,2024/2025,SNBP/SNBT,AGRIBISNIS,2400000,2600000,2900000,3400000,3900000,5600000,,,,,
UNSOED,S1,2024/2025,SNBP/SNBT,TEKNIK PERTANIAN,2400000,2600000,2900000,3400000,3900000,5600000,,,,,
UNSOED,S1,2024/2025,SNBP/SNBT,PROTEKSI TANAMAN,3500000,5500000,7000000,9000000,12000000,,,,,,
UNSOED,S1,2024/2025,SNBP/SNBT,BIOLOGI,2000000,2200000,2500000,4250000,6000000,,,,,,
UNSOED,S1,2024/2025,SNBP/SNBT,MIKROBIOLOGI,3000000,4500000,7000000,9500000,12500000,,,,,,
UNSOED,S1,2024/2025,SNBP/SNBT,BIOLOGI TERAPAN,3000000,4500000,7000000,9500000,12500000,,,,,,
UNSOED,S1,2024/2025,SNBP/SNBT,MANAJEMEN,2300000,2500000,2850000,4200000,6400000,,,,,,
UNSOED,S1,2024/2025,SNBP/SNBT,AKUNTANSI,2300000,2500000,2850000,4200000,6400000,,,,,,
UNSOED,S1,2024/2025,SNBP/SNBT,EKONOMI PEMBANGUNAN,2300000,2500000,2850000,4200000,6400000,,,,,,
UNSOED,S1,2024/2025,SNBP/SNBT,PENDIDIKAN EKONOMI,2750000,3000000,3250000,,,,,,,,
UNSOED,S1,2024/2025,SNBP/SNBT,PETERNAKAN,2000000,2200000,2500000,,,,,,,,
UNSOED,S1,2024/2025,SNBP/SNBT,HUKUM,2000000,2200000,2500000,2750000,3000000,,,,,,
UNSOED,S1,2024/2025,SNBP/SNBT,ILMU KOMUNIKASI,2500000,2700000,3000000,3500000,4250000,,,,,,
UNSOED,S1,2024/2025,SNBP/SNBT,ADMINISTRASI PUBLIK,2200000,2400000,2750000,3250000,4000000,,,,,,
UNSOED,S1,2024/2025,SNBP/SNBT,HUBUNGAN INTERNASIONAL,2200000,2400000,2700000,3000000,3500000,,,,,,
UNSOED,S1,2024/2025,SNBP/SNBT,SOSIOLOGI,2000000,2200000,2400000,2750000,3250000,,,,,,
UNSOED,S1,2024/2025,SNBP/SNBT,ILMU POLITIK,2000000,2200000,2400000,2750000,3250000,,,,,,
UNSOED,S1,2024/2025,SNBP/SNBT,PENDIDIKAN DOKTER,7100000,9450000,15000000,16500000,17000000,,,,,,
UNSOED,S1,2024/2025,SNBP/SNBT,KEDOKTERAN GIGI,10100000,11200000,12500000,14500000,15000000,,,,,,
UNSOED,S1,2024/2025,SNBP/SNBT,INFORMATIKA,2800000,3100000,3500000,4000000,4500000,,,,,,
UNSOED,S1,2024/2025,SNBP/SNBT,TEKNIK INDUSTRI,2800000,3500000,4000000,4750000,5500000,,,,,,
UNSOED,S1,2024/2025,SNBP/SNBT,TEKNIK SIPIL,2800000,3100000,3500000,4000000,4500000,,,,,,
UNSOED,S1,2024/2025,SNBP/SNBT,TEKNIK ELEKTRO,2800000,3100000,3500000,4000000,4500000,,,,,,
UNSOED,S1,2024/2025,SNBP/SNBT,TEKNIK GEOLOGI,2800000,3100000,3500000,4000000,4500000,,,,,,
UNSOED,S1,2024/2025,SNBP/SNBT,TEKNIK MESIN,5500000,7500000,8500000,10000000,12000000,,,,,,
UNSOED,S1,2024/2025,SNBP/SNBT,TEKNIK KOMPUTER,5500000,7500000,8500000,10000000,12000000,,,,,,
UNSOED,S1,2024/2025,SNBP/SNBT,KEPERAWATAN,3200000,3800000,4400000,5000000,5600000,,,,,,
UNSOED,S1,2024/2025,SNBP/SNBT,FARMASI,3500000,4500000,5500000,6500000,7500000,,,,,,
UNSOED,S1,2024/2025,SNBP/SNBT,KESEHATAN MASYARAKAT,3000000,3500000,4000000,4500000,5500000,,,,,,
UNSOED,S1,2024/2025,SNBP/SNBT,ILMU GIZI,3600000,4000000,4500000,5000000,5500000,,,,,,
UNSOED,S1,2024/2025,SNBP/SNBT,PENDIDIKAN JASMANI,3300000,3600000,4000000,,,,,,,,
UNSOED,S1,2024/2025,SNBP/SNBT,PENDIDIKAN BAHASA INDONESIA,2750000,3000000,3250000,3500000,4000000,,,,,,
UNSOED,S1,2024/2025,SNBP/SNBT,SASTRA INGGRIS,2000000,2200000,2400000,2750000,3250000,,,,,,
UNSOED,S1,2024/2025,SNBP/SNBT,PENDIDIKAN BAHASA INGGRIS,3000000,3250000,3500000,3750000,4000000,,,,,,
UNSOED,S1,2024/2025,SNBP/SNBT,SASTRA INDONESIA,2000000,2200000,2400000,2600000,2800000,,,,,,
UNSOED,S1,2024/2025,SNBP/SNBT,SASTRA JEPANG,2000000,2200000,2400000,2750000,3250000,,,,,,
UNSOED,S1,2024/2025,SNBP/SNBT,PENDIDIKAN BAHASA JEPANG,2500000,3500000,5500000,6000000,7000000,,,,,,
UNSOED,S1,2024/2025,SNBP/SNBT,MATEMATIKA,2000000,2200000,2400000,3000000,3500000,,,,,,
UNSOED,S1,2024/2025,SNBP/SNBT,KIMIA,2000000,2200000,2500000,3000000,3500000,,,,,,
UNSOED,S1,2024/2025,SNBP/SNBT,FISIKA,2000000,2200000,2400000,3000000,3500000,,,,,,
UNSOED,S1,2024/2025,SNBP/SNBT,STATISTIK,3000000,4000000,5000000,6000000,7000000,,,,,,
UNSOED,S1,2024/2025,SNBP/SNBT,ILMU KELAUTAN,2000000,2200000,2500000,2800000,3000000,,,,,,
UNSOED,S1,2024/2025,SNBP/SNBT,MANAJEMEN SUMBERDAYA PERAIRAN,2000000,2200000,2500000,2800000,3000000,,,,,,
UNSOED,S1,2024/2025,SNBP/SNBT,AKUAKULTUR,2000000,2200000,2500000,2800000,3000000,,,,,,
UB,S1,2025/2026,SNBP/SNBT,Ilmu Hukum,500000,1000000,2850000,3700000,5000000,6100000,7000000,7800000,,,
UB,S1,2025/2026,SNBP/SNBT,Ekonomi Islam,500000,1000000,3300000,3960000,5280000,6600000,6800000,7000000,,,
UB,S1,2025/2026,SNBP/SNBT,Ekonomi Pembangunan,500000,1000000,3300000,3960000,6000000,7000000,7200000,7800000,,,
UB,S1,2025/2026,SNBP/SNBT,"Ekonomi, Keuangan dan Perbankan",500000,1000000,3900000,4580000,5300000,6200000,6700000,7000000,,,
UB,S1,2025/2026,SNBP/SNBT,Akuntansi,500000,1000000,3900000,4680000,6240000,7000000,7500000,7800000,,,
UB,S1,2025/2026,SNBP/SNBT,Manajemen,500000,1000000,3900000,4680000,6240000,7000000,7200000,7800000,,,
UB,S1,2025/2026,SNBP/SNBT,Kewirausahaan,500000,1000000,3900000,4580000,5300000,6200000,6500000,6700000,,,
UB,S1,2025/2026,SNBP/SNBT,Administrasi Pendidikan,500000,1000000,3500000,4500000,5500000,6000000,6500000,6700000,,,
UB,S1,2025/2026,SNBP/SNBT,Administrasi Bisnis,500000,1000000,3500000,4500000,5500000,6500000,6800000,7000000,,,
UB,S1,2025/2026,SNBP/SNBT,Administrasi Publik,500000,1000000,3500000,4500000,5500000,6500000,7500000,7800000,,,
UB,S1,2025/2026,SNBP/SNBT,Ilmu Perpustakaan,500000,1000000,3500000,4500000,5500000,6500000,7500000,8500000,,,
UB,S1,2025/2026,SNBP/SNBT,Perpajakan,500000,1000000,4500000,5500000,6500000,7000000,7250000,7500000,,,
UB,S1,2025/2026,SNBP/SNBT,Pariwisata,500000,1000000,3500000,4500000,5500000,6500000,7500000,8500000,,,
UB,S1,2025/2026,SNBP/SNBT,Agroekoteknologi,500000,1000000,3250000,4500000,5500000,6250000,7250000,8250000,,,
UB,S1,2025/2026,SNBP/SNBT,Agroekoteknologi (PSDKU Kediri),500000,1000000,3250000,4500000,5500000,6250000,7250000,8250000,,,
UB,S1,2025/2026,SNBP/SNBT,Kehutanan,500000,1000000,4250000,5000000,6000000,6500000,7500000,8500000,,,
UB,S1,2025/2026,SNBP/SNBT,Agribisnis,500000,1000000,3250000,4000000,5000000,6000000,7000000,8000000,,,
UB,S1,2025/2026,SNBP/SNBT,Agribisnis (PSDKU Kediri),500000,1000000,3250000,4000000,5000000,6000000,7000000,8000000,,,
